tic_id,label,catalog_period,period_days,depth,snr,sec_ratio,duration_hours,bls_power,odd_even_diff,source
425934411,planet,0.8533534,0.8534390207424749,0.0115985900264576,20.53632285509309,0.0,0.48,194.11346079403816,0.0003304125823828,SPOC-2min(3sectors)
405904232,false_positive,11.0765063,11.077617655147158,0.0010661584497128,7.913991685345921,0.0463877105894363,4.800000000000001,1047.254346723398,0.0002391050110062,SPOC-2min(3sectors)
418987806,false_positive,0.88654,0.8868068515050167,0.0003812027577069,29.10276815066352,-0.0761514201243972,2.4000000000000004,657.4150950170078,0.0001123746905193,TESS-SPOC-FFI(2sectors)
198162530,planet,0.768125,0.7680479306020066,0.000326141737967,4.461103006367002,0.0,0.96,5.589616072850625,0.0002417161068098,TESS-SPOC-FFI(2sectors)
178215634,planet,1.0451165,1.045221361187291,0.0008620802458886,15.82455901215136,0.0064324056355891,0.96,144.0324148900894,9.605778930221742e-05,QLP-FFI(2sectors)
294309873,planet,1.2699324,1.269804982033445,0.0009633026367903,11.381271594748336,0.2265466433145651,1.44,51.20229550088824,1.2725555557424606e-05,SPOC-2min(3sectors)
238898571,planet,0.5251251,0.5250724118628762,-2.999124294467137e-07,-0.0352064271857801,0.0,1.44,41.57269329378875,5.225394743568756e-07,SPOC-2min(3sectors)
389182138,false_positive,2.7260173,2.725743786558529,0.0008788021201717,5.6169830838733565,0.0045737790580934,1.44,28.15436043781624,0.0003157093638502,SPOC-2min(1sectors)
36724087,planet,0.7683904,0.7675423437056856,0.0002074170722394,7.515778252983185,0.0,1.44,85.66358041341057,2.1436741577618434e-05,SPOC-2min(3sectors)
18318288,planet,1.3888584,1.38983385238796,0.00112166149549,6.937921078104375,0.2552075820358565,0.96,16.488944479544852,0.0003394970835581,SPOC-2min(3sectors)
110110529,planet,0.7180306,0.7173822111638796,0.0005444173200741,5.447429244919504,0.0,2.4000000000000004,49.53248199209648,0.0001278531348514,QLP-FFI(2sectors)
65440953,planet,0.8746494,0.8750881873244146,0.000966070358308,7.128264389033652,0.0,1.44,37.08427756870597,0.0003400564785238,SPOC-2min(1sectors)
356921678,planet,0.8515408,0.8516262388762543,0.0239071520338379,19.934697136903324,0.0,0.96,535.8991823340394,0.0103401467818816,QLP-FFI(2sectors)
461387302,false_positive,5.8089284,5.816505263130435,0.0003996785392119,4.237739495716905,-0.2319726896832143,5.76,28.66264087375367,0.0001031070160125,TESS-SPOC-FFI(2sectors)
36646052,planet,0.6183488,0.6184108416856188,0.0013815736895884,5.891159580719624,0.0,0.96,62.07284000318305,0.0006196290869407,QLP-FFI(1sectors)
349503728,planet,1.1235117,1.1233989730735785,0.0196913072226974,27.781282433701872,0.067095895419155,1.44,404.1487772970007,0.0001536514226354,SPOC-2min(3sectors)
91555165,planet,1.0526157,1.0510314957692308,0.0001240834458788,7.72620406240796,-0.0989716416817483,1.92,42.43623942977699,2.548247980271867e-05,SPOC-2min(3sectors)
467484304,planet,0.7815064,0.7823689321471572,0.0021054524969108,10.184067910713756,0.0,1.44,125.07045346051578,0.0006692019914908,SPOC-2min(3sectors)
388198242,planet,0.5055105,0.5054597798829431,0.0010689700743321,24.08908535596033,0.0,0.48,435.66634106562105,0.0001757336203991,SPOC-2min(3sectors)
407394748,false_positive,0.7522775,0.752202020652174,0.0006866000408591,49.95206499184785,0.0,0.96,1480.4471372302444,5.8671787052433366e-05,TESS-SPOC-FFI(2sectors)
252636888,false_positive,2.590266,2.596243536923077,0.0009418827538144,7.280802852305703,-0.4354687901082399,0.96,42.4064859751569,5.543074801883652e-05,SPOC-2min(1sectors)
184679932,false_positive,2.1721416,2.1741030656588625,0.0004996404592459,16.428678913244703,0.0992167754200027,2.4000000000000004,220.62046343027143,0.0001681029248787,TESS-SPOC-FFI(2sectors)
21755546,false_positive,0.660179,0.6603777160869565,0.0001579715424468,2.491921763517901,0.0,2.4000000000000004,5327.621303555455,0.0009367559812786,TESS-SPOC-FFI(2sectors)
431585347,false_positive,5.13664,5.130970798662207,0.0006737008489358,8.34555222194664,0.1429850839220082,4.800000000000001,74.80117699027198,0.0002163066019166,TESS-SPOC-FFI(2sectors)
14091704,planet,0.7649571,0.7647268453545149,0.0007406904559872,70.84066399133992,0.0,0.96,4257.963245065215,2.727785456280163e-05,SPOC-2min(2sectors)
333657795,planet,0.9260632,0.9261561160401336,0.0001028446309774,11.868347814966668,0.3775855358257244,1.44,138.91191440589358,2.872747036541945e-05,TESS-SPOC-FFI(2sectors)
285677945,false_positive,1.2427,1.2732479765886289,0.0002387518886326,6.9307470149528365,0.0683666445187821,1.44,30.498094597645284,0.000102692711788,SPOC-2min(2sectors)
89759617,false_positive,3.3295394,3.329873467498328,0.00046788782826,5.660606681237,-0.0606863403952161,2.4000000000000004,161.55876935838185,0.0001495855930275,SPOC-2min(3sectors)
22843856,false_positive,1.8497201,1.8495345093545152,0.0016679792986493,55.28310059440373,0.0033404012007293,1.92,1764.6969183891526,5.771884842076247e-05,SPOC-2min(3sectors)
403224672,planet,1.0082361,1.0097535121906356,8.025723298743515e-05,15.148316645434436,0.0155970169041588,2.4000000000000004,282.2723588122487,3.811438279766044e-06,TESS-SPOC-FFI(2sectors)
155949264,planet,0.7748443,0.7747665564247491,0.0083240523274918,11.403790560515096,0.0,0.96,142.87358488682895,0.0058804902338138,SPOC-2min(2sectors)
147890655,planet,1.2220437,1.2221663130802676,0.0089164138770376,51.98411120182692,0.0497668271321412,2.4000000000000004,1136.8438649250857,0.0003669953136576,TESS-SPOC-FFI(2sectors)
158025009,planet,1.0697621,1.0696547660100333,0.0001508111583805,10.907201746799435,-0.0237106279345146,1.44,68.50504318584986,2.204737379518651e-05,SPOC-2min(3sectors)
129539786,false_positive,2.0881134,2.0895799679397995,0.0006204571199901,19.447504775297805,0.0,2.4000000000000004,179.85221000867938,1.6002245952551064e-05,QLP-FFI(2sectors)
284738182,planet,0.9136081,0.9136997663645484,0.0006745310300578,15.418569923673047,0.0,1.44,481.3503674455312,3.0132680046812688e-05,TESS-SPOC-FFI(2sectors)
377739433,false_positive,1.23852,1.2331765525083611,0.0003625136057914,5.320562345537915,0.0575398203703652,0.48,9.701073956459188,0.0001029323668529,TESS-SPOC-FFI(2sectors)
256621916,false_positive,1.4136455,1.413503662658863,0.0009274337769225,30.807310946640104,0.0682576287276841,1.44,522.2096195348076,0.0001696649240922,SPOC-2min(3sectors)
7439480,planet,1.2541235,1.2542493317892975,0.0202271714445309,53.072540043221,0.0567101795668286,0.96,1191.277342176955,0.0012762028283463,SPOC-2min(1sectors)
159510109,false_positive,16.9487087,16.950409239334448,0.0003353707075819,2.411873527021675,0.4361870673021337,4.32,203.40762472880843,0.0001060162301557,SPOC-2min(3sectors)
351601843,planet,0.6047392,0.6037077050434783,0.0001997364998009,7.781871978764639,0.0,1.92,86.00885381327323,8.553829791624334e-05,TESS-SPOC-FFI(2sectors)
377420580,false_positive,1.4147363,1.4137426724983275,0.000169400036279,5.67525828753759,-0.1046692848830518,2.4000000000000004,32.706553362154466,0.0001204969533881,TESS-SPOC-FFI(2sectors)
192372961,false_positive,2.06313,2.064165015050168,0.0004922182734065,15.30421695805934,-0.0148211807816156,1.92,142.63645101497724,6.439282958770054e-05,SPOC-2min(1sectors)
198213332,planet,0.5860366,0.5859778003411371,9.704006473298944e-05,10.495452532407416,0.0,0.96,230.7251180950055,1.3030202578034888e-06,SPOC-2min(3sectors)
274057129,planet,1.0495702,1.067577876006689,0.0003855293617772,4.462362491400907,0.1290182118050637,3.84,42.39795072963901,8.158770383159819e-05,QLP-FFI(2sectors)
468472950,false_positive,0.98736,0.9872609337792644,0.0001278766657125,6.800617398163379,0.522544767882649,1.44,49.860203868348215,5.793399241160735e-05,SPOC-2min(3sectors)
14614418,planet,0.8378453,0.8397787891538462,0.006109492462002,59.802800651954016,0.0,1.92,2712.429625294813,0.0001435130697658,SPOC-2min(3sectors)
265129950,planet,0.7386173,0.7386914087591974,0.0004192446136792,6.498291608079621,0.0,3.3600000000000003,67.32704261679434,0.000473212182245,QLP-FFI(2sectors)
17005768,false_positive,6.8424983,6.84318483829097,0.000590622214775,8.985592485198266,-0.03826672453737,5.28,348.8435406693493,0.0002649565297013,SPOC-2min(3sectors)
367900542,planet,1.20306,1.203180708361204,0.0084446887995467,23.902937227854085,-0.0142623706516891,1.44,281.817178274502,0.0002390922996535,SPOC-2min(2sectors)
366302410,planet,1.2117417,1.211376961695652,0.0222304161885789,10.8318604294645,-0.0210449383868669,0.96,57.74244733707391,0.0021737660881789,SPOC-2min(1sectors)
140687214,planet,0.8303285,0.829578705033445,0.0001572913945345,2.886954338313924,0.0,0.96,9.547152203453708,7.061876529379507e-05,SPOC-2min(3sectors)
285674856,false_positive,1.74626,1.754845291638796,0.0001809684967157,4.169323314995985,0.0,4.800000000000001,184.00983029711963,6.905525704392623e-05,TESS-SPOC-FFI(2sectors)
165551882,false_positive,12.1582804,12.386400644294316,0.0024823483104048,1.8720017507162443,0.2116312884662318,0.96,10.54169642943812,0.0007692515617372,SPOC-2min(3sectors)
269450900,false_positive,2.32439,2.32462321638796,4.297239352579752e-05,0.4687422126382571,0.929961747513682,5.28,1251.0129972402644,8.261832221168053e-05,TESS-SPOC-FFI(2sectors)
192076548,planet,1.1159326,1.1160445664816054,0.0008635567152155,20.965951135201166,0.0026079856602707,0.96,203.30180744880207,3.8882623380698256e-05,SPOC-2min(1sectors)
199289712,planet,1.0092447,1.0073207218093645,0.0027481052832578,12.87964984436859,0.0666275463308789,2.4000000000000004,115.11437245132394,2.958058089030935e-05,QLP-FFI(2sectors)
236785891,planet,0.9292334,0.9291401658795988,0.0212138722222694,17.854126577570693,0.0,0.96,219.45543883499903,0.0063765157338021,TESS-SPOC-FFI(2sectors)
255768108,planet,1.0815202,1.0820627686622073,0.0072173821954442,36.44626620963486,0.0382297709069915,1.44,556.570021061139,0.000896778127517,TESS-SPOC-FFI(1sectors)
102848207,planet,1.0358225,1.0357185713210704,0.00311327013873,16.89595939061763,0.0626273633497015,1.44,159.5287481455087,0.0004852962443613,SPOC-2min(3sectors)
319806044,planet,1.3509356,1.3513422361337792,0.0071540333734105,14.72683099097308,0.2728408572463052,2.4000000000000004,96.3610847899049,0.0014917595793513,TESS-SPOC-FFI(1sectors)
318746829,false_positive,5.2273176,5.2267931199732445,0.0019445689584571,12.139315454057456,0.1751735247755574,3.84,351.8559353820013,5.7325542766051285e-05,TESS-SPOC-FFI(2sectors)
320506985,false_positive,1.08697,1.086860939464883,0.0002157777270058,3.933124418947469,0.182750965144761,0.96,10.679304730539608,9.439092853336106e-06,TESS-SPOC-FFI(2sectors)
284760740,planet,0.7583741,0.7584501910468228,0.0003595688300777,12.179201943684744,0.0,0.96,59.67705013233083,4.62525808608838e-05,TESS-SPOC-FFI(2sectors)
470852531,false_positive,1.49446,1.494909837458194,0.0008459813309832,15.412936638886034,0.0658099907473454,2.4000000000000004,160.84871843507662,0.0002891901095426,QLP-FFI(2sectors)
80166433,planet,0.7724825,0.7730250462374582,0.0001262178823093,15.049488806655797,0.0,0.96,182.77691969954887,0.0001124907290428,SPOC-2min(2sectors)
351599985,planet,1.3432587,1.3431239248795988,0.000644232348743,8.747047428938934,0.0122477145911337,3.84,46.89241971428625,0.0003974617117934,TESS-SPOC-FFI(2sectors)
463590116,planet,1.3185787,1.318710998866221,0.0030502281729433,15.18762535703374,-0.0085335776644066,2.4000000000000004,124.08023494189108,0.0001616780022494,SPOC-2min(3sectors)
370133522,planet,0.5182425,0.5186064830267559,0.0001126962457436,9.028712593991228,0.0,0.96,169.4714312103055,6.649012346260363e-06,SPOC-2min(3sectors)
15565627,false_positive,3.80509,3.799363275919733,0.0001543204725388,1.7797447186184403,-0.4526592950654329,3.3600000000000003,11.699409736871926,4.565736962947042e-06,TESS-SPOC-FFI(2sectors)
379931600,false_positive,2.9258727,2.9261662658227428,0.0023222880568413,58.538022930024106,0.0234177155809085,3.3600000000000003,2215.890787816888,0.0004555599731764,SPOC-2min(3sectors)
274942910,false_positive,1.0793011,1.0794093910802676,0.0003900073440994,26.942768357157,0.1886090008505828,2.4000000000000004,438.98205382424806,7.791353230035547e-06,SPOC-2min(3sectors)
319068154,false_positive,3.7983639,3.7987450067458193,0.0021928209831375,17.515625782919706,0.08449816845227,1.44,371.3495345929522,0.0003353023788874,SPOC-2min(1sectors)
274215536,planet,1.3341738,1.3340399364080269,0.0010251849051347,22.952521003377573,0.0738162230839544,1.92,226.72653924920564,6.486050885468053e-05,SPOC-2min(2sectors)
275758701,planet,1.18803,1.188149200334448,0.0004623266744809,42.730091664447485,0.0014210852334575,2.88,3686.12740640198,0.0001276979252534,SPOC-2min(3sectors)
327011842,false_positive,0.783879,0.7831711493979933,0.0001655385299822,9.289401479304274,0.0,0.96,49.80554845695928,6.514235281729341e-05,SPOC-2min(2sectors)
345996087,false_positive,2.01976,2.0223944695652176,0.0011214460174688,16.778069616031726,-0.0549853277818477,3.84,584.9780760655943,8.241753152427034e-05,TESS-SPOC-FFI(2sectors)
97165413,planet,1.2710408,1.2709132708227424,0.0006911805981724,23.2278603644081,0.0635121712994274,0.96,251.45715236228705,0.0001011980395889,SPOC-2min(2sectors)
195199644,false_positive,1.19888,1.1795134769230768,0.0001435994052828,3.94974325513593,0.7935320282667297,0.48,9.153931575449462,2.9836797854843056e-05,SPOC-2min(3sectors)
154927364,false_positive,6.9744232,6.975122974903011,0.0089052835550954,5.42780609209398,-0.139668135622748,1.92,5000.313394935588,0.0033349325345856,TESS-SPOC-FFI(2sectors)
122220263,false_positive,18.6922101,19.027919692765888,0.0002424307018961,1.63868741628568,-0.7521700030376116,6.720000000000001,86.43891447529342,8.569803583435842e-05,TESS-SPOC-FFI(2sectors)
144682439,planet,0.765415,0.7651846075250835,0.0023083324399241,8.880271513980116,0.0,0.96,51.95826849109388,0.0003977992068727,TESS-SPOC-FFI(1sectors)
34729329,planet,0.9953936,0.9952937277324414,0.0001377646526186,6.147353734042682,0.0744497843489734,2.4000000000000004,27.56340305291646,8.205516312864702e-06,SPOC-2min(1sectors)
311130133,planet,1.1343824,1.1360896644816054,0.0001635268047069,6.8999865786906,0.0803746321524153,1.92,23.97311335535131,0.0001135956606146,SPOC-2min(2sectors)
237184773,false_positive,6.5011911,6.500538806578595,0.0013605450148544,27.84886201732185,-0.0123931743600982,5.28,3151.712832109056,5.003322368712926e-05,SPOC-2min(3sectors)
289164482,planet,1.1188024,1.1186901455785954,-3.086078819936056e-06,-0.0638183178758659,0.0,6.720000000000001,70.08205527787072,0.0001169711970273,TESS-SPOC-FFI(2sectors)
249776059,planet,1.1797412,1.1798595686822744,0.0064370778653709,40.39817614782335,0.2119279951355774,3.3600000000000003,799.9353854061935,0.0006020581619334,TESS-SPOC-FFI(2sectors)
441732151,false_positive,2.09989,2.099679308695652,0.0043709958762669,33.32772073703831,0.0312280556557526,0.96,1253.1991556003577,2.1340152647875144e-05,SPOC-2min(3sectors)
324609476,planet,0.733892,0.7339656346488295,0.0270139881881332,32.23165388500855,0.0,0.48,431.5942085583558,0.0097923050013729,TESS-SPOC-FFI(2sectors)
116264089,planet,1.306188,1.306056944347826,0.0032105537938611,11.323512398257837,-0.0651082993655753,1.44,103.665487551111,0.0004471949812481,TESS-SPOC-FFI(2sectors)
90935995,planet,1.2245052,1.2243823399464884,0.0110668545268306,39.72439236555529,0.0183520985588535,0.96,595.7835103086339,0.0004294880129707,SPOC-2min(1sectors)
218795833,planet,1.2652338,1.26307570890301,0.0039482989681591,5.0928353098141415,0.084364773186691,1.92,23.371324350647352,0.003122024601648,TESS-SPOC-FFI(2sectors)
148667071,planet,1.161347,1.1649592164214049,0.0020988223252976,20.222576995460297,-0.0149827080546105,2.4000000000000004,261.8788226405379,0.0002119054758843,SPOC-2min(2sectors)
185405474,false_positive,1.56029,1.5598203474916388,0.0015387866980515,10.485531308276066,-0.067188537405536,3.84,1567.3649950860463,0.000630518059159,QLP-FFI(2sectors)
177258735,planet,0.775701,0.7756231704682275,6.616686778038172e-06,1.9848879542550475,0.0,1.92,19.07147473128638,1.4633974146249784e-05,SPOC-2min(3sectors)
183985250,planet,0.7920645,0.7911903151003344,0.0002672765508139,25.28615062499944,0.0,0.96,731.4544914647553,3.87030311779224e-05,SPOC-2min(3sectors)
465933345,planet,1.1109316,1.1012341703143813,0.001882585736246,24.05935998402408,-0.2236739192643532,0.48,573.6619564478955,0.0001610172913825,SPOC-2min(3sectors)
367607434,false_positive,8.2916,8.18927222742475,9.924834718444409e-05,1.4022429855744103,-0.7023952176121337,1.44,30.14870140637686,2.765541309379671e-05,SPOC-2min(3sectors)
298428237,planet,0.768988,0.7698367158528429,0.0001787005438301,4.402143404245106,0.0,1.44,22.60358473648912,5.373937527308748e-05,SPOC-2min(3sectors)
387664866,false_positive,2.65646,2.6551273277591974,0.0007812291194554,24.050818450658124,-0.038888866360808,1.92,427.4894560913735,0.0002415374288954,SPOC-2min(2sectors)
287139872,planet,0.9351891,0.9350952683177256,0.0005631089928773,5.836315358652256,0.0,0.96,18.621831675274738,5.2170511887439375e-05,SPOC-2min(3sectors)
452006073,planet,1.2669382,1.2701161386287625,0.0010183884825268,13.429705871262057,0.3354985024764216,1.92,113.6005103860525,0.0003709425402832,SPOC-2min(3sectors)
73649615,planet,1.2392569,1.2391325598428091,0.0026531856420448,13.361411931120267,-0.0533289360844737,0.96,98.26694279192438,0.0001560416889265,TESS-SPOC-FFI(2sectors)
232679662,false_positive,7.8513774,7.8521651636187295,0.0117477182623129,29.879364785854555,-0.1136311168823279,5.28,14212.4639050393,0.0020803931374265,SPOC-2min(3sectors)
177254988,planet,1.0929203,1.093029957555184,0.0003947492399444,5.715698796648615,-0.0437688014267711,1.44,16.998119538928076,8.321557386947731e-06,SPOC-2min(3sectors)
313506357,false_positive,1.532703,1.5359324411036788,0.0006392688982669,30.20541502422868,0.0545680777044456,2.4000000000000004,502.9743136709498,4.715504196950437e-05,SPOC-2min(2sectors)
129991079,false_positive,6.15952,6.157665963879598,0.0004856914709131,3.478730457026601,0.2300837113424999,2.88,31.410561502093373,7.840621702481787e-05,SPOC-2min(1sectors)
376838000,false_positive,2.1679,2.166812424749164,0.000241806662637,6.485616689777465,-0.2265238286571605,1.92,28.79638018110652,5.288418100990455e-05,TESS-SPOC-FFI(2sectors)
161450762,false_positive,1.32003,1.3005606612040137,0.0014171606615631,4.692256496713515,0.0834949895749963,0.48,17.228522682425602,9.171412388642164e-05,SPOC-2min(1sectors)
90504905,false_positive,2.2645386,2.2688556133846154,0.0039543473218379,6.072338069046472,-0.1434973834578594,2.4000000000000004,27.10058513065741,0.0016807444071048,SPOC-2min(3sectors)
294434193,planet,1.3809769,1.4002366781705686,0.0018278791897754,7.775202839293475,-0.0354816846656689,0.48,42.46469871307023,0.0005665624113785,SPOC-2min(1sectors)
201248411,planet,0.980972,0.9810704252842808,0.002615190833209,10.832447001947877,0.0728601506974547,0.96,5522.174568319886,1.22967845894717e-05,QLP-FFI(2sectors)
197650870,false_positive,2.1853174,2.2223727820000003,0.0021377593323576,2.397894813210248,-2.1346426126185363,6.720000000000001,9666.959198108025,0.0074026515420779,QLP-FFI(2sectors)
233681149,false_positive,8.5874668,8.586605181257525,0.0007868648824876,5.501621442433124,-0.2190473850001462,2.88,118.652052136691,8.045174794413246e-05,SPOC-2min(3sectors)
262584907,planet,0.9494413,0.9489649916555184,4.952944470715259e-05,5.402318111038966,0.0902803106405515,1.44,51.22594345751236,2.8894622996711306e-05,QLP-FFI(2sectors)
48188920,false_positive,0.73774,0.737665979264214,0.0002288527953261,5.610699183304994,0.0,0.96,34.06439210085791,6.826664043391162e-06,QLP-FFI(2sectors)
269238073,false_positive,6.1461734,6.145556727083612,0.000306053338408,4.6422344220688565,0.3220695718348532,2.88,34.3550429473284,0.00020688748416,SPOC-2min(3sectors)
202426247,planet,1.0662082,1.0663151774113713,6.461615051245317e-05,9.056005002095525,0.0492435671939422,1.44,123.64938293429256,3.6811612420306616e-05,SPOC-2min(3sectors)
135036669,planet,0.9112206,0.9113120268160536,0.024617232945577,10.366010383206037,0.0,1.44,66.45892980831118,0.0006319730339332,SPOC-2min(3sectors)
385105624,false_positive,1.7498117,1.7499872663913043,0.0023078452920579,33.914828663368056,0.0092060656702724,1.44,400.5800003714235,0.0003075238130789,QLP-FFI(2sectors)
349891396,planet,1.3003394,1.3028183078862876,0.0180256543448467,22.265393761669625,0.1881950405299949,1.92,279.57524965104,0.0004798513342353,QLP-FFI(2sectors)
388076005,false_positive,1.7126115,1.712783333929766,0.0005330861022589,7.884415482248609,0.1902758714949964,2.4000000000000004,71.48145693116464,0.0001060228303882,SPOC-2min(2sectors)
365683032,false_positive,1.4287976,1.428654242381271,6.515591531297549e-05,17.051888365458733,0.0640313375316788,3.3600000000000003,327.90592137995856,2.084932042789589e-06,SPOC-2min(3sectors)
139285832,planet,0.77685,0.7753690484949833,0.0002475394094624,8.886716079360845,0.0,1.92,116.32377101630046,9.476729794455352e-05,SPOC-2min(3sectors)
269892793,false_positive,1.7729239,1.7734575560234114,0.0016376868772065,13.638035530184284,-0.057467485905057,1.92,235.0589517357345,2.64673131046278e-05,SPOC-2min(2sectors)
124128680,planet,1.0370296,1.0371336497926422,0.000242064291985,9.570401973124856,-0.0273307092274255,1.44,38.69215528833958,4.723078349067045e-05,SPOC-2min(1sectors)
101569583,planet,0.9907914,0.995264872876254,0.0015790657210039,27.10525161704064,-0.0466604292350369,6.24,646.1622260556628,4.157290042383632e-05,TESS-SPOC-FFI(2sectors)
120602501,false_positive,14.8626982,14.861206959377927,0.001521828109305,10.179974325721211,-0.0630505166298683,2.4000000000000004,552.8043789470207,0.0001352513938397,SPOC-2min(3sectors)
400683848,planet,1.0886286,1.088737826949833,0.0004354011605796,7.056948608536752,0.1677333422012331,2.4000000000000004,30.463290512206,3.378187544578193e-05,QLP-FFI(2sectors)
186530554,planet,0.766526,0.7659876372575252,0.0005868718041892,2.6403247334035984,0.0,0.96,29.406380078793568,0.0008184505079036,QLP-FFI(2sectors)
441736986,planet,0.8037513,0.8036706560568562,0.003621574998634,29.589981437927108,0.0,0.96,688.4989550896821,0.0006823841182969,SPOC-2min(3sectors)
455791689,planet,1.2918334,1.292222246173913,0.0005080240884276,18.43663536590209,0.0559751150308966,1.44,163.1051522379721,5.958511220394147e-05,SPOC-2min(3sectors)
437786834,planet,1.100804,1.100693551438127,0.0022973772665361,12.667498745332944,0.0409313528386066,1.44,73.29761097884614,0.0003504202373542,SPOC-2min(2sectors)
309439436,planet,0.9997277,1.0002292356354514,0.0030143778807124,12.635570181801516,-0.0960202325729719,1.44,85.25978496582684,0.0014456795698566,SPOC-2min(1sectors)
377191482,false_positive,2.9551881,2.9436243204782606,9.7864314402063e-05,2.803534599679067,0.4373610081680893,1.92,43.532860807825934,8.094105479772296e-05,SPOC-2min(3sectors)
260541432,planet,0.8715953,0.8716827510334447,0.0042791654322155,31.04548735188089,0.0,0.96,463.95562427068455,0.000355414236195,TESS-SPOC-FFI(2sectors)
101929303,false_positive,11.1876137,11.186491196953178,0.0027059558472366,11.515887453528611,0.0344463829458456,1.92,393.8257566223273,5.346488611879252e-05,SPOC-2min(3sectors)
43064903,false_positive,6.261169,6.271848585919733,0.0012175471542529,1.8815173537076664,0.6852769627139481,1.92,17.096891019681692,0.0001367904071287,SPOC-2min(3sectors)
125744840,planet,0.6439909,0.6445724302441472,0.0024333919297829,14.199873298991797,0.0,0.96,164.63759350433983,0.0001774966221215,QLP-FFI(2sectors)
166648874,planet,0.5019031,0.5015505928060201,0.000254086603579,3.577913365196056,0.0,0.96,16.192893460785797,0.0003519671404378,SPOC-2min(2sectors)
286355915,false_positive,4.076684,4.091818178060201,0.0026682282626121,5.169405701301858,0.0,1.92,47.9103740428845,0.002462463296537,TESS-SPOC-FFI(2sectors)
312469860,false_positive,0.50261,0.5026604290969899,0.0003821356746109,26.360838377834785,0.0,1.44,946.7955255676112,4.6529911259085566e-05,TESS-SPOC-FFI(1sectors)
24094603,false_positive,4.07611,4.080608716722408,0.0019668913389035,7.262636319711805,0.1627128754457112,2.88,116.60809677702208,0.0004237122481468,QLP-FFI(2sectors)
45492609,planet,1.3605223,1.3609318217625417,0.0008286512424611,11.66232393888178,-0.0614806063206844,0.96,53.997871751235806,7.683746131637026e-05,SPOC-2min(3sectors)
445137888,false_positive,2.013653,2.0122387286622074,0.0006629752906169,9.623331081985937,0.1021800468592443,1.44,56.59774039552888,5.292387241473406e-05,SPOC-2min(1sectors)
453387619,planet,1.2016105,1.2014899370735783,0.0006417973228994,14.021012656345434,0.0942982223803937,1.44,218.29166596362936,1.3759313039818366e-05,SPOC-2min(2sectors)
1716467085,planet,0.5842495,0.5841908796488294,0.0003447435453705,15.096943995551673,0.0,0.96,644.2809139541147,0.0002692749248927,TESS-SPOC-FFI(2sectors)
154383539,planet,0.8675883,0.867501251006689,0.0003258791260895,7.409159187742244,0.0,0.96,22.71805877592988,0.0001457706750896,TESS-SPOC-FFI(2sectors)
35516889,planet,0.7888389,0.7897095248729096,0.0030548296061548,66.56493089650324,0.0,1.44,4414.856013976393,0.0002333543514203,SPOC-2min(3sectors)
284450803,false_positive,3.3686634,3.3696773789498327,0.0002894383274543,3.7675399785096153,-1.2298972282224967,6.720000000000001,2738.483684589594,0.0002283348359091,QLP-FFI(2sectors)
233211762,planet,1.1219715,1.0883123549999998,1.000005053002859,9356.826830380876,0.0,5.296501495198e-311,-inf,1.0,SPOC-2min(3sectors)
435878153,planet,0.5570869,0.5578135350869565,0.0,0.0,0.0,0.96,28.4100742766141,0.0001522330448406,TESS-SPOC-FFI(2sectors)
274662200,false_positive,1.2284388,1.2293015831036789,0.0007310850632501,13.397215327707425,0.1013019279763988,0.96,78.1758264968704,1.591917183063618e-05,SPOC-2min(3sectors)
56655478,planet,1.3454079,1.3455428907591975,0.0010018178296701,23.99104687095923,0.0305811234207764,0.96,264.86634110760275,4.5506077783752374e-07,TESS-SPOC-FFI(2sectors)
181804752,planet,0.9479945,0.9492310145652174,0.0008106705042575,3.8719189410472894,-0.1304450689903245,1.44,25.7031129430215,0.000584705714387,TESS-SPOC-FFI(2sectors)
22529346,planet,1.2749246,1.2747966811438127,0.00315455515424,44.63997563248684,-0.0339804727047134,0.96,904.731757440242,0.0005936188807479,SPOC-2min(3sectors)
161687211,planet,1.2529966,1.252870881277592,0.023180528711826,45.34092260719783,0.0605186798171801,0.96,842.2212037602553,0.0017460268848442,TESS-SPOC-FFI(2sectors)
409520860,false_positive,0.71933,0.7194021735785954,0.0001692692417979,7.657409364351277,0.0,1.44,71.86952345703146,4.62143982707941e-05,TESS-SPOC-FFI(2sectors)
69997672,false_positive,1.80709,1.810534954180602,0.0002743180145906,15.066148059448768,0.079304239434207,1.92,131.79746533233254,5.441825912333442e-06,SPOC-2min(3sectors)
63470437,planet,1.2126653,1.214733725762542,0.0023181533089641,11.0622936751125,-0.0169190662717357,1.44,76.18004622876731,0.0001034633217058,SPOC-2min(2sectors)
9006668,planet,1.2730965,1.2739906480434784,0.0001854530534886,9.05213404425853,0.1345286778118278,1.44,37.32140678965442,3.907855020346407e-05,SPOC-2min(3sectors)
276380902,false_positive,0.6171788,0.6171168757056856,9.120886728886111e-06,0.4889380195739709,0.0,1.44,17.285006983323296,6.914135322111381e-05,SPOC-2min(2sectors)
233059608,false_positive,1.4415044,1.4456987439063544,0.0002518090515368,4.7418674428518255,-0.0565117352308827,1.44,661.5420984063306,0.0001023625853333,SPOC-2min(3sectors)
301248781,planet,1.0169814,1.015654902521739,0.0048164296217897,41.865216137571295,0.0820137742888853,1.92,898.7250755804816,0.0003385006730781,SPOC-2min(3sectors)
27294830,planet,0.7135221,0.7135936908461539,0.0023080676400767,15.322618364608932,0.0,0.96,162.90966883786965,0.0002120352808582,QLP-FFI(2sectors)
335483600,false_positive,3.354053,3.353716472943144,0.0010074485472175,25.03401488055862,0.0853534276615473,3.3600000000000003,2254.253565402133,0.0002344053365996,SPOC-2min(3sectors)
330885564,planet,0.6756067,0.6764879261304347,0.0009511794366287,8.02192272810534,0.0,1.44,83.60933323861474,0.0007001129848998,SPOC-2min(3sectors)
127226712,planet,0.8045139,0.8036259749598662,0.0012621040916522,10.869523401775895,0.0,1.44,78.7240984442847,0.0003277041997798,SPOC-2min(3sectors)
355640518,planet,0.8497194,0.8496341438729097,0.0085925340511892,25.77325815786425,0.0,1.92,1304.8792010966176,0.0004419434391678,SPOC-2min(3sectors)
456971986,planet,1.2452975,1.2444228763377927,0.0009862763985974,13.542177983767491,0.1207065995741933,1.44,72.53088070928892,3.567657008063385e-05,SPOC-2min(2sectors)
328750515,false_positive,2.3359622,2.337134087391304,0.0017071245576332,25.610974067872977,0.0804585013391644,2.4000000000000004,683.1190240670604,7.912425300404813e-05,SPOC-2min(3sectors)
42123111,false_positive,4.03349,4.032275906020066,0.0005125014941614,11.743015535951471,-0.032349792805655,2.4000000000000004,115.80656713408644,0.0001336450675476,SPOC-2min(3sectors)
1717732429,false_positive,7.8513949,7.856909257622074,0.0131950796498273,38.82440218634115,-0.1536246727525687,5.28,16686.876604801702,0.0014489577293891,SPOC-2min(3sectors)
41330864,false_positive,2.1358631,2.135648799354515,0.0052576963585657,27.25702832686472,0.0220957326099788,1.44,761.7739091396191,0.00049141806149,SPOC-2min(1sectors)
249812036,false_positive,5.7785318,5.779111585799331,0.0021378027278416,25.53323711454764,-0.0387699486205221,1.92,1423.7627019814188,8.082162771683166e-05,SPOC-2min(3sectors)
24364065,false_positive,4.05135,4.050130530100335,0.0003060657845076,3.747061777035297,-0.1808113672191554,1.92,21.566905090452853,1.5991553447003426e-06,SPOC-2min(3sectors)
241577487,planet,1.2377157,1.2023228263043475,0.0001894300820861,4.969544034459601,-0.3077061447855833,0.96,12.021968464536249,0.0001143478001284,SPOC-2min(1sectors)
387834907,false_positive,12.64001,12.648887598996655,0.0008281008112365,3.716941567142581,-0.2918249203984249,4.32,806.2431580018097,0.0001118226894568,TESS-SPOC-FFI(2sectors)
434718964,false_positive,1.597226,1.5493092199999998,-0.0012652576529048,-0.0489146161544874,0.0,0.1904944624991627,-inf,0.00106961313433,SPOC-2min(3sectors)
149788158,planet,0.7499711,0.7483908933344482,0.0001210028565441,4.02803511275209,0.0,1.92,35.42765288882821,4.2460194792481865e-05,TESS-SPOC-FFI(2sectors)
459982699,planet,1.1669652,1.1670822868093644,0.0232384928463299,26.5824169404597,-0.0339171741631428,0.96,402.75944464072455,0.0020663396475675,TESS-SPOC-FFI(2sectors)
237200747,false_positive,14.3034613,14.02935148980268,-0.0001723115122244,-0.2581713205316671,0.0,6.720000000000001,42.29450689327282,0.0012432293009838,TESS-SPOC-FFI(2sectors)
50171060,planet,1.257813,1.257686798026756,0.0017514712665105,22.72010755347634,0.0211273925630544,0.96,263.3984158643422,0.0001827357556338,SPOC-2min(1sectors)
431156009,false_positive,2.958148,2.957851195852843,0.0004485261628068,17.724845089212902,0.0724105639981977,3.3600000000000003,235.16777938249308,0.0001052916129354,SPOC-2min(3sectors)
290348382,false_positive,6.4410082,6.440361944996655,0.0068691840062214,9.245893276473025,-0.1810510245437776,1.92,305.53388399690544,0.0015343972449012,QLP-FFI(2sectors)
428065977,false_positive,1.6534102,1.651253578,0.0008820141562387,10.017365441361497,-0.1356580799421302,4.32,132.2115735268225,0.0004126634778455,QLP-FFI(2sectors)
334414389,planet,0.9828259,0.9817411757625416,0.0011445277983312,10.846103072763745,0.0551755406082563,1.44,71.64345520023183,0.0003302597151114,TESS-SPOC-FFI(1sectors)
255588086,planet,0.8970559,0.8969658943913044,0.0009263445413438,37.36400353856397,0.0,1.44,1057.9005160520337,0.0001346571232725,SPOC-2min(3sectors)
266688542,false_positive,2.9424142,2.943890327525084,0.0012778576175566,17.430335139734876,-0.0277532632118624,5.28,627.471473567906,0.0002893913147844,TESS-SPOC-FFI(2sectors)
152569268,planet,1.0542548,1.0541490219264211,0.0001383107065187,9.516313983839304,0.0728324487731774,1.92,70.41873620159747,3.091262236964987e-05,SPOC-2min(3sectors)
171646471,planet,1.1606902,1.1608066572107023,0.0218535507483256,15.039050723569927,-0.0646531294315819,0.96,119.10944454742577,0.0012488159884707,SPOC-2min(1sectors)
396234347,planet,1.2757761,1.2764161214548495,0.0001825487413651,11.109813215734112,-0.0926752983183321,1.44,67.88382042800055,6.467793443254433e-05,SPOC-2min(2sectors)
301289516,planet,1.2089755,1.2090968018896322,0.0002157188273123,15.260700664285157,0.1949722546906749,2.88,169.35330175370254,4.150835842553491e-05,TESS-SPOC-FFI(2sectors)
9907513,planet,1.2749899,1.2748619745919734,0.000676272355827,4.289211329377526,-0.0422211465705294,0.96,11.863074910642377,0.0003424461085769,SPOC-2min(1sectors)
453260209,planet,1.2124493,1.212570950431438,0.0003168841602391,7.590783917659287,0.0746834496823616,0.96,29.19002643908654,7.399513454875439e-05,SPOC-2min(3sectors)
1400770435,false_positive,13.7432169,14.050715632645485,7.397306006740045e-05,0.4152387272283083,1.3935468461638747,6.720000000000001,17.36833767321757,0.0001607513228798,TESS-SPOC-FFI(2sectors)
249862365,false_positive,0.98999,0.9894933494983278,0.0001784571585069,14.87666674731006,0.4488539699228307,2.4000000000000004,139.0216959983163,1.1174507204003703e-06,TESS-SPOC-FFI(2sectors)
245462406,false_positive,2.27456,2.27341891638796,0.0006566695030703,14.041888921869727,0.0353125089379651,2.88,97.97523755314285,1.0506528719145258e-05,TESS-SPOC-FFI(2sectors)
200090347,planet,0.8631737,0.863606730284281,0.0051376922018361,24.66994869507136,0.0,0.96,319.0074914580488,0.0010871698117317,SPOC-2min(1sectors)
23170835,planet,1.10071,1.0990534130434784,0.0007228952704535,16.347622182161963,-0.0419330639542246,0.96,184.4281057694048,0.000199839341017,TESS-SPOC-FFI(2sectors)
35582553,planet,0.9370901,0.9353036740568564,0.0011038690991465,46.21272919154093,0.0,0.96,1136.5190382710334,0.0001601836915301,SPOC-2min(2sectors)
264912889,planet,1.3697115,1.3723226557023411,0.0019861594640735,32.527419070414254,0.0796147740762484,1.44,464.6218271954208,0.00015814782286,SPOC-2min(2sectors)
44295981,planet,0.520403,0.5201419282608695,0.0239168555723076,39.26634837081637,0.0,0.96,4233.621332504408,0.0009052299708477,QLP-FFI(1sectors)
455962313,false_positive,2.25505,2.2552762591973248,0.0003431334058363,13.122462443814388,0.019193229636882,2.88,105.24452989518296,0.000135192887961,TESS-SPOC-FFI(2sectors)
294097592,planet,1.0268508,1.0269538285083613,0.0006316207485355,4.054171309860294,-0.0792976912253521,1.44,7.982103985778965,0.0001082167641474,SPOC-2min(3sectors)
367099243,false_positive,1.8286961,1.8288795812140468,0.003025607225115,45.63903675781556,0.075253706024903,1.92,1164.7233665079889,0.0002373840618838,SPOC-2min(1sectors)
55315929,planet,0.7195712,0.7197877933377926,2.348425272447052e-05,2.8724303490411702,0.0,1.92,74.1737316080053,8.005990722259604e-06,SPOC-2min(2sectors)
160522555,planet,1.3071566,1.3057139188026754,0.0018169324516094,18.70422813804045,-0.0190301886803015,1.44,159.90865610414218,0.0001326255761461,SPOC-2min(3sectors)
315398848,planet,1.3677581,1.368169799762542,0.0036058436430761,23.794470824204712,0.1105949479862595,1.44,261.0723365977464,0.0012977387115878,SPOC-2min(2sectors)
230017325,false_positive,9.6926509,9.691678393220736,0.000963955884394,5.188578654727688,-0.1186490348498638,2.4000000000000004,62.0768052077424,7.923044249957822e-05,SPOC-2min(3sectors)
405542683,planet,1.3473988,1.3472636094849495,0.0092722043125925,15.337810983934965,0.0159428016775402,0.48,114.99012952788688,0.0020054204421409,SPOC-2min(2sectors)
169958952,planet,1.3290008,1.329134144561873,0.0009072846907596,8.745867043239507,-0.0742042329714757,3.84,64.33111877203449,9.258666515554737e-05,QLP-FFI(2sectors)
153976959,planet,0.6858178,0.6858866111505018,0.0001077267874287,3.676585658435297,0.0,0.96,20.539679299597708,3.198700597539794e-05,QLP-FFI(2sectors)
153412485,planet,1.3832999,1.37816457261204,0.0111124977912958,17.55955589728104,-0.0445292861616319,1.92,372.5130560406051,0.0001896401877315,QLP-FFI(2sectors)
199949052,planet,0.5868508,0.5862031051371237,0.0001035728110079,7.82777564143147,0.0,1.44,183.2054428562584,2.233204636714614e-05,SPOC-2min(3sectors)
358631536,false_positive,3.4040139,3.419383193528428,0.0002124507621318,2.941028560965389,0.2142198693831621,0.96,10.468992539031348,9.53491897215386e-05,SPOC-2min(3sectors)
37291237,planet,1.1437772,1.1413672346622072,0.0015102823058819,13.581925161521568,0.011997241149259,1.44,121.2430389352052,0.0004292234294143,SPOC-2min(1sectors)
346418409,false_positive,2.7556532,2.756482660829432,0.0017734920555954,25.90639347126175,0.0577250735492659,1.92,447.4200864334994,6.249922036305477e-05,SPOC-2min(3sectors)
127425841,false_positive,1.5166573,1.5162007810802676,0.0015955025722015,50.30371156952214,0.0177834208125943,1.92,865.4640605035628,9.021369636552644e-05,TESS-SPOC-FFI(2sectors)
28900646,planet,0.6691449,0.6697491445585285,0.0001313107883322,4.446259515746365,0.0,0.96,40.13176169339671,2.097102197884393e-05,SPOC-2min(3sectors)
277014266,false_positive,1.3797091,1.3817855852675585,0.000340216475074,12.792789368542016,0.1520323174353897,1.92,104.14054063415628,9.314268039606333e-05,SPOC-2min(3sectors)
369789627,planet,1.227961,1.2285770339464883,0.0014268398712499,12.994519525734695,-0.1201670898967617,0.96,79.37736465605806,8.954155238560801e-05,SPOC-2min(3sectors)
408203470,false_positive,0.581322,0.5812636733779264,0.0007407461555067,8.838964510081173,0.0,1.44,87.27506814786311,8.827527334287488e-05,SPOC-2min(3sectors)
147456499,planet,1.2558789,1.2557528920836118,0.0147918364194405,101.3189960222337,0.0322573673775436,1.44,4109.781216491745,0.0015461227967331,SPOC-2min(1sectors)
186599508,false_positive,5.6318074,5.6278519499866215,0.0006586134290291,5.294652484050404,0.0717626557872311,2.4000000000000004,90.69895685614074,3.363587263427448e-05,SPOC-2min(1sectors)
294176967,false_positive,1.8296155,1.829431926538461,0.0005017962356062,16.38420454837987,0.0245780283195503,1.92,144.7247784847267,7.651770337180341e-05,SPOC-2min(3sectors)
258777134,false_positive,5.929405,5.929999923578595,0.0019312294960629,15.725319098818586,0.0332470451092522,2.88,1257.3073713199014,0.0007894985757013,SPOC-2min(3sectors)
374741750,planet,0.9942215,0.9939222360033444,0.0035534964755145,17.513598483951426,0.2223262560043086,2.4000000000000004,231.43798039930007,0.0002239487162666,SPOC-2min(1sectors)
50989813,planet,0.9008643,0.9005931368327758,0.0009044816685714,5.463472112853896,0.0,1.44,18.588895156235967,5.708728464803858e-05,SPOC-2min(1sectors)
373693175,planet,1.3273482,1.328546808742475,0.0030272759271474,62.82019677293794,-0.0228504050530747,2.4000000000000004,1859.794228633964,0.0002542150150675,SPOC-2min(3sectors)
270238522,false_positive,1.36991,1.3708721441471572,0.0011610083534785,18.936785176019093,-0.0324215499263254,5.28,33546.27191872413,1.933071132842468e-05,TESS-SPOC-FFI(2sectors)
279177746,false_positive,4.4350025,4.431887615301004,0.0006316028757995,7.489155851100888,0.1817562027835317,1.92,77.27961431940695,2.375150353872701e-05,SPOC-2min(3sectors)
107779737,planet,1.0272009,1.021326272779264,0.0035917872169569,18.79539286359044,0.0949932596772158,6.720000000000001,369.4001489373261,0.0065130499723118,QLP-FFI(2sectors)
242120884,planet,0.6227257,0.623288027555184,0.0001293831754461,16.3302324945511,0.0,0.96,322.1561431807135,3.697974322236508e-05,SPOC-2min(3sectors)
316138059,planet,0.8618404,0.862618650528428,0.0010611906030317,8.243167789574311,0.0,0.96,34.43904809338864,0.0002164812237122,TESS-SPOC-FFI(1sectors)
121070864,planet,0.5843146,0.5840214655852843,0.0004479175235723,10.180897724142248,0.0,0.48,58.6686996051814,0.0001930039692086,SPOC-2min(1sectors)
356871098,planet,1.0271879,1.026878713006689,0.0009213703878234,5.035579024418638,0.0701920038471266,0.96,9.522366020893813,0.0011790443142308,TESS-SPOC-FFI(2sectors)
292321872,false_positive,8.66698,8.674806369899667,0.0022276955502685,8.875360257466504,0.0,3.3600000000000003,149.80731536733532,0.0005791488545603,TESS-SPOC-FFI(2sectors)
25911962,planet,0.745637,0.745562186923077,0.000389904617788,13.978068123326024,0.0,0.96,160.82187318522452,9.574093839392894e-05,TESS-SPOC-FFI(2sectors)
29953537,planet,0.7312783,0.7312049275953177,7.796489532829742e-05,4.077721536494472,0.0,1.44,36.46750278877047,0.0001850083788943,TESS-SPOC-FFI(2sectors)
330795142,planet,1.3460633,1.3459282434816051,0.012103944583362,62.20544381780261,0.0209129002410742,1.44,1783.6653411284678,0.000515991379747,SPOC-2min(1sectors)
387791274,planet,1.1536561,1.1535403485518396,0.0468668092867391,117.70597585424008,0.037777473705051,1.92,8249.547495217326,0.003425417308984,SPOC-2min(3sectors)
120916706,planet,0.5568212,0.5568770683478261,0.0061156286305865,10.141470322679462,0.0,0.96,174.47828018154732,0.002424349157323,SPOC-2min(3sectors)
142937186,planet,1.30613,1.305998950167224,0.000418247294209,15.062732790994604,0.0761085048683604,0.96,115.5312541973563,1.5703085722962307e-05,SPOC-2min(1sectors)
200917197,planet,1.2205315,1.220164115936455,0.0014004527447082,15.80110865223305,0.0355471329311476,1.44,120.32843877535964,4.050004855593592e-05,SPOC-2min(2sectors)
57011946,planet,1.318678,1.3188103088294314,0.0141900649775439,23.16530697729222,0.0540670936740316,1.44,194.90017983887404,0.0040188506829335,SPOC-2min(1sectors)
431899140,false_positive,1.9734615,1.9780156419230768,0.0006470995622217,15.134850997294558,0.111675795064684,2.88,142.62632803176683,6.708230469310017e-05,SPOC-2min(1sectors)
330135981,planet,1.0666963,1.0665892736153846,0.0058347174711628,105.67023710127393,0.0248087904046089,1.44,5153.728910837204,0.0008224862065923,SPOC-2min(3sectors)
373816781,planet,1.343636,1.3435011870234117,0.0185699290926151,120.30465520533014,0.0198768938422486,1.92,8860.37490208674,0.0004980275118248,SPOC-2min(3sectors)
314338017,false_positive,10.9554897,10.659801399401337,0.0002963889222578,2.153523160309043,0.1866265918675417,0.96,12.899959449580829,4.39044972109226e-05,TESS-SPOC-FFI(2sectors)
119089245,planet,1.2436504,1.2457716766020066,0.0030222246495392,14.916447261083722,0.0056704299703345,1.44,108.05978684482514,0.0002679034262529,SPOC-2min(3sectors)
166220082,planet,0.8102219,0.8111161248394649,0.0003520328576775,9.885434982616438,0.0,0.96,86.07515932278163,4.922344752977814e-05,SPOC-2min(2sectors)
362249359,planet,1.041889,1.0419935373578595,0.0003408361954917,11.721948689571136,0.1353653386195325,0.96,74.44688484581185,7.62637104745334e-06,SPOC-2min(3sectors)
1129033,planet,1.3600283,1.3615293345785953,0.0001635539651471,8.333562929003318,0.1715585757940257,6.24,104.76824687690846,8.251029996242387e-06,TESS-SPOC-FFI(2sectors)
467931774,planet,1.3504913,1.3506268007993312,0.0078213910460357,64.318984248261,0.0782089045977582,1.44,1663.010268265992,9.692088015833544e-05,SPOC-2min(3sectors)
19342878,planet,1.3328252,1.3329589282809364,0.0008037945767275,5.359712840658284,0.0144667078369101,0.48,42.29941889329001,0.0001159506748245,TESS-SPOC-FFI(2sectors)
161223358,planet,0.5153654,0.5150034376789298,0.0109108545267327,37.88659783118371,0.0,0.96,2305.1763404676567,0.0019501263922362,SPOC-2min(3sectors)
38680052,planet,0.6743453,0.6742776399364548,0.0545398250550569,36.72874080154664,0.0,0.48,618.0711718076442,0.0002907495977996,TESS-SPOC-FFI(2sectors)
382437043,false_positive,14.64319,14.32143161103679,-5.250617488317122e-05,-0.5919891500359709,0.0,6.720000000000001,24.36467786995285,5.109448646301029e-05,TESS-SPOC-FFI(2sectors)
118301361,false_positive,3.46608,3.4643411638795985,0.0007462153728349,19.60020413759418,0.0127844537201217,2.88,302.5992296138149,7.810979403954921e-05,TESS-SPOC-FFI(2sectors)
365389353,false_positive,2.6380089,2.638273583167224,0.0010184251960612,15.972430439771346,-0.0311996275067672,2.88,193.99208308368245,9.390771555062294e-05,TESS-SPOC-FFI(2sectors)
464326872,planet,0.5542332,0.5550673302341137,0.0003226965352342,4.5546603908609855,0.0,1.92,253.37345060223987,0.0009840571257395,SPOC-2min(3sectors)
9833284,planet,0.6843601,0.6842914351070234,0.0002912420621377,9.232635137235988,0.0,0.96,76.27515746637032,0.0001837281648268,SPOC-2min(2sectors)
229951289,false_positive,13.3118,13.54286435451505,0.0013352713349732,2.2604456748104136,-0.8994910168036301,5.76,115.19832007606088,0.0005217759838921,QLP-FFI(2sectors)
377304435,false_positive,11.35626,11.252572408695652,0.0003877977850598,1.1745471866368955,-0.1757569346689409,4.32,16.338727338184764,0.0001003718375113,TESS-SPOC-FFI(2sectors)
2041563029,false_positive,12.80758,13.186667234113717,0.0018731311967349,3.74795053647282,0.0161266731160407,2.88,138.49091918464828,0.0011002804239523,SPOC-2min(1sectors)
92783821,false_positive,3.8615978,3.86121034871572,0.0011078058990815,12.808529208915203,0.1413117024438236,1.44,155.94007344992465,7.622998304535056e-05,SPOC-2min(3sectors)
110428269,false_positive,0.64971,0.6493840585284281,7.371276939238669e-05,13.193585627433976,0.0,2.4000000000000004,1557.688863739757,3.207037485497555e-05,SPOC-2min(3sectors)
357457104,false_positive,1.748054,1.792778458528428,4.975448413269135e-06,0.1035381551251216,-4.771711572977068,6.720000000000001,1697.105779560471,7.258074448623919e-05,SPOC-2min(3sectors)
434186655,planet,1.3094686,1.3095999848093645,0.012669921773992,31.40036976614996,0.0488847577167097,0.96,400.52859558811167,0.0005827172413513,SPOC-2min(1sectors)
126606859,planet,1.1589013,1.155296690605351,0.0008354494834809,9.334344055113933,0.0019199578931239,2.4000000000000004,55.85895390255577,0.00044277882564,SPOC-2min(3sectors)
356990855,planet,0.5894678,0.5894086560735786,0.0003087834761864,5.56301412030709,0.0,0.96,51.46468346812491,0.0002332495849001,SPOC-2min(1sectors)
165523947,false_positive,2.99041,3.0579192558528425,0.0001777239371746,1.24265084001008,-1.2498315727968567,0.96,9.00884419076612,2.4206118611758143e-05,SPOC-2min(1sectors)
399868187,planet,1.2311781,1.233278102779264,0.0030890394326872,101.2264214912979,0.0456707796240444,1.92,5586.084477891857,4.876810190124203e-07,SPOC-2min(2sectors)
437253811,planet,0.689421,0.6893518273244147,0.000906725235888,12.72624155149985,0.0,1.44,166.58363455914625,9.866440783223852e-05,SPOC-2min(3sectors)
234519192,planet,1.1630372,1.1633872780869563,0.0001918570729834,24.54666988589876,0.1224096046134288,1.44,455.5116470066131,5.227918042483015e-05,SPOC-2min(3sectors)
387318486,planet,0.6583175,0.6585156557692308,0.0010716856797553,11.60526510282468,0.0,0.96,170.38966166631982,0.0002105025459286,SPOC-2min(1sectors)
127115861,planet,0.9990876,0.9995888145150502,0.0032617313147936,22.70739245482996,0.0803264569177617,1.44,308.56833580729415,0.0007744156163838,SPOC-2min(2sectors)
469523619,planet,1.1838063,1.1851128420702342,0.0021410383881619,6.004725163530623,-0.3049589226683648,1.44,40.06517388957714,0.0008914492558816,QLP-FFI(2sectors)
68152139,false_positive,0.73772,0.7374979438127091,0.0001397053100057,7.111800594496704,0.0,1.44,106.989964632899,5.169218385459029e-05,TESS-SPOC-FFI(2sectors)
53593542,planet,1.027641,1.028362754548495,0.0116762372411804,31.447000699133927,0.165084744382902,1.44,505.7498761849943,0.0006960459602027,SPOC-2min(1sectors)
272828463,false_positive,1.577609,1.577450711471572,0.0004744803711278,14.518305721716748,-0.0539122566034256,2.88,215.68141184403933,9.461403881994011e-05,TESS-SPOC-FFI(2sectors)
425721385,false_positive,13.5499,13.548540478260868,0.0012191777119211,3.3768515767846923,-0.274752802202507,0.96,39.12284748500876,1.889916829611593e-05,SPOC-2min(1sectors)
346015394,planet,1.0788649,1.0787566526856187,0.0243633229007859,39.4417874710107,0.0651257626949651,1.44,680.176186892058,0.000566128497815,SPOC-2min(1sectors)
371673488,false_positive,0.8165295,0.8166114260367894,0.0001310704827076,9.298280193652351,0.0,2.4000000000000004,58.25763432490525,1.4606441712139429e-05,TESS-SPOC-FFI(2sectors)
138017750,false_positive,2.4727425,2.4605855385451503,0.0004909284569626,29.01642734748152,-0.0335323999517323,5.76,1646.671054327398,8.430805938253183e-05,TESS-SPOC-FFI(2sectors)
331034236,false_positive,3.4272549,3.4337884628528426,0.0004614276586306,8.281386473929615,-0.0332187981974597,3.84,180.60520834921243,2.3091323877011405e-05,TESS-SPOC-FFI(2sectors)
382625239,planet,1.3442724,1.3422492475585284,5.1552576789570814e-05,6.788363203060277,-0.0971163198109318,2.88,37.12359273565942,6.258455016450171e-07,SPOC-2min(3sectors)
138359318,planet,1.0186989,1.0188011105919732,0.0835482563812464,30.010003234687407,-0.0216549411511866,0.96,375.5144035021895,0.0070431629314818,TESS-SPOC-FFI(2sectors)
350995812,false_positive,2.97164,2.972534473578595,0.0016902344933964,37.241110537316445,0.0959901799153804,2.88,4209.83509289408,0.0001516636907787,SPOC-2min(3sectors)
392995938,planet,1.0078907,1.0085985831003343,0.0010029010445199,10.524037712706535,0.0628807263682551,2.88,130.5941432405452,1.0446499682847945e-05,QLP-FFI(2sectors)
72090501,planet,1.0697877,1.0729004601973244,0.0025316620802183,33.86309938396877,-0.0391745700125122,1.92,172480.17259197554,7.566455729357546e-05,TESS-SPOC-FFI(2sectors)
431148743,false_positive,2.6277641,2.629082376304348,0.0006917387428025,28.497939543553905,0.152009310286739,3.3600000000000003,759.7603029854781,1.5477915947803567e-05,TESS-SPOC-FFI(2sectors)
77031414,planet,1.3866519,1.3892953501103678,0.0137150339069517,47.359248559663634,-0.0225385087623529,2.4000000000000004,20114.40222631012,0.0003772313077284,QLP-FFI(2sectors)
128501004,false_positive,0.78999,0.7897522103678929,0.0008948778093995,31.23416944170507,0.0,0.96,717.350877717611,0.0001653139284871,TESS-SPOC-FFI(2sectors)
81247740,planet,1.3641482,1.364285071056856,0.0044340305867895,46.15588838270253,0.0041321578387001,0.96,863.5941686592004,0.0003671534841936,SPOC-2min(1sectors)
141275395,planet,0.8377576,0.8376735440535117,0.0008147815198857,12.301134836369988,0.0,0.96,108.4509180049213,0.0003170992787105,SPOC-2min(1sectors)
289539327,false_positive,11.2464616,11.245333192481604,0.0032292396744024,13.042795365309546,-0.0483025147506315,6.720000000000001,1522.8429444154467,0.0007393066606568,SPOC-2min(3sectors)
33595516,planet,0.76566,0.7655831779264213,0.0005872990906032,16.368490516103808,0.0,1.44,330.15424351843313,2.814666250339215e-05,SPOC-2min(1sectors)
137284119,false_positive,2.5778717,2.5708881679699,0.0006512515161265,14.353720592138464,0.0472244536529785,1.92,191.0427823580728,0.0001885337144327,SPOC-2min(1sectors)
26433869,false_positive,1.0357235,1.0358274187458194,0.0001630784975505,17.74563949354653,0.3661888838599108,1.92,241.1051945439239,8.450066838872061e-05,TESS-SPOC-FFI(2sectors)
392914193,planet,0.8778729,0.8760232012474916,0.0008239192129038,15.36282997520421,0.0,0.96,140.0184710088594,0.0001252042215218,SPOC-2min(2sectors)
308034948,false_positive,0.831542,0.8306242446153846,6.861480518749463e-05,11.098739143249746,0.0,2.4000000000000004,191.38678897187137,4.939121960645387e-06,SPOC-2min(3sectors)
199688472,false_positive,1.4412175,1.441362103762542,0.0024795787837581,13.450883547379073,0.0702905481933439,2.4000000000000004,823.4909994100493,0.0018068225261773,TESS-SPOC-FFI(2sectors)
224600500,false_positive,0.6763235,0.6761199243645485,4.8579670559600885e-06,2.2467107281627148,0.0,2.4000000000000004,27.511403137831888,1.1864160709418314e-07,SPOC-2min(3sectors)
96165095,planet,1.1062164,1.104329542595318,0.0003745369026891,9.270566926487462,0.0788455365574766,1.92,52.64463637563858,0.0001571104042922,TESS-SPOC-FFI(2sectors)
141458054,planet,1.364829,1.3696218777591973,0.0027087189599789,12.56516408848326,-0.4090237238765445,6.720000000000001,140.65535534553584,0.0001322263365812,QLP-FFI(2sectors)
143257766,false_positive,1.66226,1.6620932180602008,0.0034336178702725,44.72814344026455,0.0481993699293612,2.88,1678.1380845747326,0.0013437955486196,SPOC-2min(1sectors)
467666275,planet,1.3812115,1.378578421220736,6.383865742620731e-05,9.450945835037174,0.2063483463627813,2.4000000000000004,43.03081473757073,3.814386013711868e-06,SPOC-2min(3sectors)
13499636,false_positive,11.3246821,11.294003195314382,0.001021382229663,4.1393794042539,0.4334550426885242,1.92,27.19856016484421,0.0001125495429292,SPOC-2min(3sectors)
231728511,planet,0.520671,0.5207232412374582,0.0002448052124691,7.153184087605981,0.0,0.48,40.232800170709005,0.0002145977753973,SPOC-2min(3sectors)
16102323,false_positive,3.2077145,3.208036344264214,0.0021901204068678,23.112425609162614,0.1656975838180271,3.3600000000000003,1024.426417248287,0.0002798709624256,TESS-SPOC-FFI(2sectors)
254301731,planet,0.6541517,0.6540860660501673,0.0108160164918017,16.23187557333698,0.0,0.96,326.062327296321,0.0006318194677095,SPOC-2min(1sectors)
48806546,planet,0.934057,0.9337758457190636,0.0004221960991469,9.103896843448853,0.2782334922396041,1.44,52.13755909391055,1.886586280275271e-05,QLP-FFI(2sectors)
432549364,planet,1.2174936,1.2161498779665552,0.0021477368191499,61.23194282673031,0.0515782972317618,2.4000000000000004,2952.3391078150894,0.0002039787379415,TESS-SPOC-FFI(2sectors)
298206077,planet,1.317173,1.317040842173913,0.0118133460870255,56.9568055959632,0.0251282320497621,2.4000000000000004,1153.747369479188,0.0001735861496493,SPOC-2min(3sectors)
219707850,planet,0.7331156,0.7331891567491639,0.0132051529293286,14.675311392509569,0.0,0.96,555.6589902072652,0.0038408192595708,QLP-FFI(2sectors)
286201103,planet,0.8573727,0.8572866759832776,0.0010527361460928,5.318712523832801,0.0,0.48,12.793673332951968,0.0002931140604693,TESS-SPOC-FFI(2sectors)
304774444,false_positive,3.6245513,3.620550959100334,0.0006860646802857,6.406400639159536,0.2252894565715818,2.4000000000000004,38.42467616788585,7.370376332516138e-05,TESS-SPOC-FFI(1sectors)
170434745,planet,1.2280156,1.2278923877324417,0.0010864546570629,11.046266171602149,0.0189009906911532,0.48,36.52564303680601,4.09282056501592e-05,SPOC-2min(3sectors)
367102581,false_positive,2.9798592,2.979560217471572,0.0004519586827054,16.063379868133957,0.0426220619571792,2.4000000000000004,204.64657556441023,5.784809239406385e-07,SPOC-2min(3sectors)
100099031,planet,1.2979921,1.2976014000367897,0.0048958858109378,23.65526108406185,0.0278013559026805,1.44,261.7689824676739,0.0009918542903856,SPOC-2min(3sectors)
201508515,planet,0.985586,0.9866737705016724,0.0005860936480208,16.770203341026534,0.0595149987033807,1.44,137.66291355665106,2.778193060359868e-05,SPOC-2min(3sectors)
309257814,planet,1.238601,1.238725274347826,0.0055712629875411,37.40932960316211,0.0654830878781023,1.92,1646.9151291438102,0.0012691569242406,SPOC-2min(3sectors)
269509393,false_positive,1.76589,1.76748461638796,0.0010464842799737,36.25979203765866,-0.0072264646304696,4.800000000000001,688.2878931310194,0.0001256914817535,TESS-SPOC-FFI(2sectors)
312259170,false_positive,0.8229,0.8229825652173912,0.0010760790697463,45.31262058699148,0.0,2.4000000000000004,1469.5640217599434,0.0001586288650823,TESS-SPOC-FFI(2sectors)
452049244,planet,0.6587178,0.6574620503478261,0.0021188328629226,14.18570785312883,0.0,1.44,229.52471204753544,1.4988983613406504e-05,SPOC-2min(3sectors)
330332501,false_positive,4.0157492,4.018569625859532,0.0001806116948784,2.4244721752358496,0.1490418796091312,2.88,9.621773822602746,4.809915589554237e-05,SPOC-2min(2sectors)
89389197,planet,1.3206356,1.3207681052441471,0.0004883641392892,33.49779823804182,-0.0410071823420269,1.44,610.8113459334967,8.528968356269484e-05,SPOC-2min(3sectors)
86396382,planet,1.0914304,1.0913208919331103,0.0027572742923814,111.11844086405716,0.0385435011206054,2.88,6898.689961374483,9.170142945669202e-05,SPOC-2min(3sectors)
405862830,false_positive,1.6268695,1.6267062689464882,0.0009685297491872,26.2751455453738,0.0230764119703307,3.3600000000000003,192.64570166559736,0.0001387778622427,TESS-SPOC-FFI(2sectors)
430093142,planet,0.9598377,0.9599340047859533,0.0016099446969803,12.149966537070092,0.1979306380523783,1.44,74.13859373641387,0.0003728751752486,TESS-SPOC-FFI(2sectors)
416987878,false_positive,2.86876,2.868472164548495,0.0010074401610329,13.432361197505038,0.0464144877507924,2.88,165.8102911863129,0.000139765055598,TESS-SPOC-FFI(2sectors)
354600221,false_positive,1.41853,1.4181030177257523,0.0005761714884328,19.80043282383929,0.0523025262192762,2.88,208.9973918347472,1.6262043607495613e-05,TESS-SPOC-FFI(2sectors)
236445129,planet,0.9689927,0.9677287964782608,0.0112827504984978,206.5030246337625,0.0208790426089384,2.4000000000000004,11423.977962549294,0.0001100979702093,TESS-SPOC-FFI(2sectors)
11111899,false_positive,0.6193401,0.6194022411471571,0.0006531766719118,55.65100743682351,0.0,2.88,2281.2348859621243,5.084702309987588e-05,TESS-SPOC-FFI(2sectors)
171160243,planet,1.3887494,1.3916755274983277,0.0014387357478422,10.060065892676494,-0.0568280467813646,1.92,2504.476560764812,0.0003673610877793,TESS-SPOC-FFI(2sectors)
352682207,planet,1.3483075,1.3535834858695652,0.0007840921207554,16.245520782954646,0.1253104497776584,2.4000000000000004,127.4869901845309,0.0011027439790397,SPOC-2min(3sectors)
415741431,false_positive,2.1575124,2.092787028,-0.00047722487738,-0.039072588478485,0.0,3.216,-inf,3.427057406280021e-05,SPOC-2min(2sectors)
174426662,planet,0.8855539,0.8858204546856188,0.0002864290485128,3.0092226639653394,-2.5250886123820666,1.92,23.59361895999644,0.0003007360184147,SPOC-2min(2sectors)
384045439,false_positive,10.82661,10.85811217625418,0.0002374897960208,1.04309694330358,0.5996230877776182,2.88,69.51139683984769,0.0022431054674405,SPOC-2min(2sectors)
298658399,planet,0.8118915,0.8113212752006689,0.0003882198145533,15.109245290374917,0.0,0.96,147.95797712263348,5.411143426448106e-06,QLP-FFI(2sectors)
268301217,planet,0.9466787,0.9465837155150502,0.0083758174796348,76.01811988693652,0.0031172055654587,0.96,3367.9440569359726,0.000542478845835,SPOC-2min(3sectors)
351077390,planet,1.1951761,1.1948163479966556,0.0031655628567391,15.595551761280127,0.013489278593377,1.92,105.23822664006651,0.0005026852782459,TESS-SPOC-FFI(1sectors)
36734222,planet,0.8134733,0.8125754866588629,0.0003919417652429,8.457313912785231,0.0,0.96,118.73487818733165,9.81966245995336e-05,SPOC-2min(3sectors)
219306934,planet,1.3477642,1.3511448794314382,0.0003111918402288,9.94578740688582,0.0610971422516771,1.92,56.96312084675196,2.5727116059304223e-05,TESS-SPOC-FFI(2sectors)
368320811,planet,1.261045,1.258134896153846,0.0003829438333361,4.94703607347879,-0.1596326867094926,1.44,85.49031174673945,1.9309952740020897e-05,QLP-FFI(2sectors)
285592400,planet,1.2815706,1.2824706997525084,0.0025201308658544,9.314450204292214,-0.0224707720910417,2.88,49.79249689183757,0.0009174419217836,TESS-SPOC-FFI(1sectors)
258801269,false_positive,5.48923,5.494186829765886,0.0009697240254492,6.976706123017298,-0.0687780397691397,3.3600000000000003,61.01789916489092,0.0001987117478429,TESS-SPOC-FFI(2sectors)
358070912,planet,0.8831279,0.8830392918494983,0.0008845496740401,14.055634264918954,0.0,1.44,148.41691882111988,9.130946048230282e-05,SPOC-2min(3sectors)
424112727,planet,1.0513177,1.0514231833812708,0.0020290145627218,12.327452590862997,0.0903796872278303,2.4000000000000004,116.75603593123816,0.0003970868778139,SPOC-2min(1sectors)
32260988,planet,1.1000285,1.0994766462374583,0.0147277143416875,74.25451873892676,0.0971054866670813,1.44,2567.2913377119685,0.0003641671447902,SPOC-2min(1sectors)
310537530,planet,1.3475728,1.3474375920267558,0.001886368718424,15.291487025627085,0.0788554457346814,1.44,101.07371151972046,5.303350225216441e-05,SPOC-2min(3sectors)
317019074,planet,1.2043785,1.204257659347826,0.0008769899791871,10.680824988928345,-0.0814151863674281,0.96,55.871718239483165,0.0001728689667017,SPOC-2min(1sectors)
164150539,false_positive,6.1600888,6.159470730889631,0.0012852018203116,5.557439642235124,0.2750720268879232,0.96,61.43969088550149,5.1164027500605336e-05,SPOC-2min(1sectors)
259126549,false_positive,7.3845072,7.377838915906353,0.001221261357343,2.6161359086027987,-0.224646988723917,3.84,201.32394127044543,0.0004821829843513,TESS-SPOC-FFI(2sectors)
219751469,false_positive,6.98301,6.808551522742474,0.0002672481140872,5.602406751965801,-0.5878473764012063,1.44,49.86759902999748,0.0001368478480879,SPOC-2min(3sectors)
313761775,false_positive,1.5309799,1.5240674489464885,9.136893794281507e-05,3.877336139868057,0.0541541025159429,2.88,10.40817754459984,6.322014372561746e-06,TESS-SPOC-FFI(2sectors)
258777137,false_positive,5.9294088,5.930003723959866,0.0019312294960629,15.725319098818586,0.0335344753939029,2.88,1257.3073713199014,0.0007768273668672,SPOC-2min(3sectors)
348538431,planet,0.8994677,0.902806861026756,0.0004813628668515,4.877037510141612,-0.0023401160058011,2.4000000000000004,325.5887104101324,0.0008814532649505,SPOC-2min(3sectors)
317397615,false_positive,0.7438074,0.7447775835652174,6.263643814397035e-05,5.572844749714064,0.0,3.3600000000000003,34.05429328738622,1.5348924301106237e-05,TESS-SPOC-FFI(2sectors)
3233861,planet,0.7123317,0.7125461142240803,0.0094602688920134,4.611962956212608,0.0,0.48,244.6746603054157,0.0063816459129432,SPOC-2min(1sectors)
408548144,planet,1.1376981,1.1384971521772576,0.0008671712073137,7.155163805904294,-0.0717559541856507,1.44,37.44407828471647,0.0005061757599297,QLP-FFI(2sectors)
81055189,planet,0.908232,0.9086876347826088,0.0029040907031137,9.965145527090236,-0.0716221178348926,1.92,68.9810659958416,0.0005745035783957,SPOC-2min(1sectors)
191146556,false_positive,2.5798051,2.591970736090301,0.0028348706594081,28.638764478378867,0.0150665104508337,2.4000000000000004,732.1177084971065,5.8188916807644375e-05,TESS-SPOC-FFI(2sectors)
89643259,false_positive,2.2219839,2.222206841528428,0.0016614423568601,33.91804489246717,0.1119053579226206,2.4000000000000004,581.0165353807697,0.0001539319414892,SPOC-2min(3sectors)
275501623,false_positive,1.67346,1.6732920943143814,0.0003117968418747,26.303582822364383,0.1078134661524285,2.88,461.6640728111286,1.6540005453591355e-05,SPOC-2min(2sectors)
326919774,false_positive,7.57193,7.592442586287626,0.0001014924576755,1.9149207505624688,0.5825576059147487,1.44,19.03460163680625,7.971379067606144e-05,SPOC-2min(3sectors)
288185138,false_positive,0.8352406,0.8351567965953177,0.0009703183877978,51.1348381898881,0.0,0.96,1516.6118766375953,0.000254220768357,SPOC-2min(3sectors)
444415148,false_positive,1.83641,1.835857234448161,0.0003873451199645,12.858835013793682,0.0097567009991472,2.4000000000000004,87.53408618855246,0.0001592389220593,SPOC-2min(1sectors)
274762761,false_positive,1.0332441,1.033555109929766,0.0037215923126427,11.371717469700528,0.1125623880988959,1.92,87.48459522609032,0.0002729531644818,SPOC-2min(3sectors)
359496368,false_positive,2.6652007,2.666002934324415,0.0002695825022012,5.855488792753159,0.4819958678731451,1.92,37.09978737972267,0.0001408347894575,SPOC-2min(3sectors)
272625214,false_positive,5.2469991,5.245419735722408,0.0009171192741419,9.643797191670698,0.0489037680781398,3.3600000000000003,143.2347978237244,7.36063777655449e-05,SPOC-2min(2sectors)
148691985,planet,1.2864856,1.2793862647491638,0.0082126266628451,4.525161803530755,0.3507840885927915,0.96,8.179262056559253,0.0040606978619783,SPOC-2min(1sectors)
354594208,false_positive,0.86673,0.866295185618729,0.000133999496749,7.157275456863201,0.0,0.96,46.17428163939387,6.020427450459387e-06,SPOC-2min(2sectors)
329277372,false_positive,2.8879675,2.8882572626254177,0.0183143980144386,22.816595883408983,-0.0460341224325066,2.88,533.5752489207886,0.0038842744765754,QLP-FFI(2sectors)
233735068,false_positive,7.6869063,7.510287416117057,0.0002265571480938,0.4979524569261166,-2.573585104244355,6.720000000000001,1873.372277131204,0.004239164540975,QLP-FFI(2sectors)
77156829,planet,0.8602406,0.860499535297659,0.0002855382456383,9.889622787471591,0.0,0.96,66.18090672766748,1.5736534545562897e-05,TESS-SPOC-FFI(2sectors)
368435330,planet,1.0376109,1.0400053866923078,0.0001020702230433,10.266342049576386,0.4436244018647201,1.92,44.405103816089245,5.665968316859171e-06,SPOC-2min(2sectors)
136848581,false_positive,2.6400663,2.640860968785953,0.0008367060436172,20.10443937676036,0.1203563136793896,3.3600000000000003,298.90695759726384,2.892881792138091e-05,TESS-SPOC-FFI(2sectors)
343442463,false_positive,0.78381,0.7838886431438127,0.000164516611444,11.147380020013104,0.0,1.92,171.93069085989995,6.673360494824365e-05,SPOC-2min(1sectors)
330468175,false_positive,0.70902,0.7092334173913043,0.0001527497589388,8.190288357228171,0.0,1.92,93.33626541908455,7.561092952701465e-05,SPOC-2min(1sectors)
147576037,false_positive,13.0727479,13.220964004953178,0.0013890431818792,1.4507534999485143,-0.3492022685680744,6.720000000000001,2292.729929649883,0.0039510321960226,TESS-SPOC-FFI(2sectors)
402026209,planet,1.3382314,1.340782543471572,0.0039542379714587,69.5973381091719,0.0148697134422161,2.4000000000000004,2360.1161532361057,0.000199415721983,SPOC-2min(3sectors)
201186294,planet,0.98933,0.9904219026755854,0.0004205424557641,9.227526347106709,0.163633917870564,1.44,67.5872513999602,6.672690355258304e-05,SPOC-2min(2sectors)
317507345,false_positive,3.9401791,3.976154648304348,0.0003085885364507,2.2877243728905183,-1.2622170964288426,6.720000000000001,1108.4271757496936,0.0001100289197139,TESS-SPOC-FFI(2sectors)
278196907,planet,1.1771655,1.1772836102508362,0.0008495656116725,8.795840937923844,-0.1528460044958326,1.44,32.40788275116094,0.0002058507154413,TESS-SPOC-FFI(2sectors)
189013224,planet,1.3205037,1.319576255929766,0.0002738427661737,9.554545208973316,0.366064207545658,1.44,103.2464927711588,0.0001274095345233,SPOC-2min(3sectors)
117322779,false_positive,0.68601,0.6855281869565217,0.0009440423425265,9.583988219608594,0.0,1.44,382.668230554546,0.0003104269368628,TESS-SPOC-FFI(1sectors)
463402815,planet,1.0085089,1.0084077118160537,0.002414426308743,56.43962726785499,-0.0359689318944536,1.44,3015.0195186597416,4.356411768313695e-05,TESS-SPOC-FFI(2sectors)
322054600,planet,1.3433022,1.34316742051505,0.000406414575282,12.432432091475818,0.0498645667540748,0.96,71.79471249678836,2.6931784857464613e-05,SPOC-2min(3sectors)
239332587,planet,0.9263237,0.9262307578227424,0.0003535306851075,34.425580678455766,0.0,0.96,1050.6158181024418,1.658312038121945e-05,SPOC-2min(3sectors)
229536616,false_positive,3.93034,3.9299456515050166,0.0022748566235093,21.301763766507207,-0.0018215497752377,3.3600000000000003,1002.6470682802932,0.0005205139322721,SPOC-2min(1sectors)
420829332,planet,1.090295,1.088654087792642,0.0044148677221929,26.44221629558573,0.039690730013026,1.44,432.3118369725684,0.0011500486875681,SPOC-2min(3sectors)
71854745,false_positive,3.10315,3.156391336120401,0.0002365476017262,1.7768974957392158,0.1732073227360533,6.720000000000001,47.44399785480025,0.00091332381673,TESS-SPOC-FFI(1sectors)
150074121,planet,1.2222265,1.2223491314214048,0.0068601728292608,30.979577247146427,0.0208243405884445,1.44,430.91637110941525,7.471166447559074e-05,TESS-SPOC-FFI(1sectors)
89256802,planet,1.1759834,1.1765733582274247,0.0055675757128178,12.520558404923728,-0.1643477779614008,0.96,102.04065128077627,0.0005224350108051,TESS-SPOC-FFI(2sectors)
345056639,planet,0.8674623,0.8675493363511705,0.0025939696725071,21.67488115478004,0.0,1.44,213.98005714777813,0.0004667365282763,SPOC-2min(3sectors)
352284958,planet,0.8818115,0.8818999760702341,0.0015141428357108,6.552549845124115,0.0,1.44,30.95428084515235,0.0006920127358689,QLP-FFI(2sectors)
298073824,false_positive,1.2273079,1.2289087363913045,2.7956600502476725e-05,5.336464252081015,-0.3421601769521681,3.3600000000000003,33.76232270456737,1.4664708840150809e-05,SPOC-2min(3sectors)
89510024,false_positive,2.3664127,2.367599863561873,0.002234129751917,12.930728896482726,0.1069158590550277,2.4000000000000004,254.79896890050065,0.000417538945944,TESS-SPOC-FFI(2sectors)
30329585,false_positive,7.5022708,7.501518063799331,0.0009934509048202,5.387847585476349,-0.1292996311398911,2.88,102.02887106367288,0.0001322590557071,TESS-SPOC-FFI(2sectors)
85031598,planet,1.1549925,1.1574260962374583,0.0001892477230531,23.032283276094194,0.0406289235392265,1.44,834.7294497342116,1.1894472121687372e-05,SPOC-2min(3sectors)
458914949,false_positive,12.5343031,12.530530232846155,0.0009595406120957,3.308346664080416,-0.0239145662827917,4.32,89.0157832327083,6.362090332190373e-05,TESS-SPOC-FFI(2sectors)
155114483,false_positive,5.2651271,5.249807164959866,0.0009520299535409,14.918645164599244,0.0335488936385287,1.92,473.7879142358076,0.0004419610808623,SPOC-2min(3sectors)
33651215,planet,1.3868302,1.3866910531571903,0.015464810970396,58.60366661050317,0.1035219483539885,2.4000000000000004,1478.8109322559562,0.0010783281639208,TESS-SPOC-FFI(2sectors)
403135192,planet,0.9017685,0.9014970646655518,0.0003032154706368,17.71630451041411,0.0,0.96,226.89517786824177,3.21541890607735e-05,SPOC-2min(3sectors)
51024887,false_positive,8.2491871,8.246704067093646,0.0552471299428631,10.383256040964255,-0.0042144829421532,2.4000000000000004,134.1563189276833,0.0009500627395142,SPOC-2min(3sectors)
284050395,false_positive,1.35932,1.359729159866221,0.0016951136670643,44.49327223454432,-0.003614120950715,3.3600000000000003,2157.9677521248173,7.310066737642451e-05,TESS-SPOC-FFI(2sectors)
229747848,planet,0.8474218,0.8473367744013378,0.0001981363666925,7.897469735458692,0.0,0.96,52.040497782514464,0.0001707607857199,SPOC-2min(3sectors)
403256331,false_positive,3.77188,3.773772247491639,0.0005150813698416,2.91017245056022,0.0173974258795167,3.84,201.38263105755004,0.0005540266448197,TESS-SPOC-FFI(2sectors)
229770036,false_positive,2.14056,2.140345228093645,0.0002991517588528,6.270023873882455,0.1504192715967184,1.44,37.22442909216041,1.0022184673386114e-05,SPOC-2min(3sectors)
312862941,planet,0.9150623,0.914970487729097,0.0029822348347837,18.55386297670399,0.0,0.48,155.9010071052032,0.0007843720442635,TESS-SPOC-FFI(2sectors)
452803785,false_positive,5.0037857,5.153899271,0.0017117092760369,2.75345218196461,-1.1043946487039291,6.720000000000001,582.1684171182048,0.0034594895344463,TESS-SPOC-FFI(2sectors)
392476080,planet,0.67249,0.6730972652173913,0.0047475185024506,203.5411168413221,0.0,1.44,38752.05355330264,3.925556343653547e-05,TESS-SPOC-FFI(2sectors)
467580267,planet,0.7415247,0.7410038966989967,0.0005427264427999,16.12247740092457,0.0,1.44,329.4536985390462,4.286138682640939e-05,SPOC-2min(2sectors)
16264917,planet,1.2695326,1.270169489264214,0.0072897510178379,18.588774204522,0.0849743874761864,1.92,125.18399455531696,0.0002053320976994,SPOC-2min(3sectors)
77527511,planet,0.7784962,0.7774807701739131,0.000628113336484,29.319476837256044,0.0,0.96,522.4498912513162,1.749269879203208e-05,SPOC-2min(2sectors)
452866790,planet,1.1979996,1.1981198006287626,0.000368530253867,8.911990637706877,0.0466628633914551,2.88,66.41819449879172,7.590021242942502e-05,TESS-SPOC-FFI(2sectors)
450649506,planet,1.0604139,1.0573284147391304,0.0008847075460212,29.49094960473386,0.0025562654454075,2.4000000000000004,590.0745047565227,0.000104188468101,TESS-SPOC-FFI(2sectors)
380589029,planet,1.3484961,1.3459253883712374,0.0086432829996191,118.46859898707146,0.0319689527136268,2.4000000000000004,4590.392401528976,0.0004320980178664,SPOC-2min(3sectors)
271017537,planet,0.5418555,0.5420186003177258,4.2378116226649e-05,4.500930973748989,0.0,0.96,25.850000221162308,1.4634637774846304e-05,TESS-SPOC-FFI(2sectors)
400073524,planet,0.6534841,0.6536808008996655,0.0004817195433322,5.86641190333583,0.0,1.44,59.51665233973548,0.0003736641940224,SPOC-2min(2sectors)
243476396,planet,0.5979368,0.5981167809765887,0.0020323787228262,20.716113886669543,0.0,0.96,367.9432921003025,7.83656277136835e-05,SPOC-2min(3sectors)
406672232,planet,1.0214555,1.0201231667391304,8.517666390206458e-05,7.321874937938237,0.002494934031645,2.88,126.74450987476,3.4636887228933766e-05,TESS-SPOC-FFI(2sectors)
100100827,planet,0.9414525,0.9413580398829432,-0.0001631808130617,-30.253212700359462,0.0,6.720000000000001,816.6445872681372,1.390296019709858e-05,TESS-SPOC-FFI(2sectors)
274170255,false_positive,1.41072,1.411144631438127,0.0004272343214551,13.186693583392454,0.1107124134301548,1.92,108.42449845052673,2.230215088128152e-05,SPOC-2min(1sectors)
67309890,false_positive,1.1623941,1.1622774718294315,0.0006499450131773,21.691134676472725,0.0206183874491047,1.44,215.012154199328,6.753867533104696e-05,SPOC-2min(2sectors)
92744152,planet,1.1462769,1.1463919110602006,0.0034348596444806,40.51835376181823,0.1816276891756816,2.4000000000000004,755.482965785653,7.92973405285835e-05,TESS-SPOC-FFI(2sectors)
241065596,false_positive,1.6256942,1.6232475030434783,0.0021572602807936,11.773922117312262,-0.098665226077928,1.92,621.4995072123666,0.0006003033673154,QLP-FFI(2sectors)
442050698,planet,0.8118585,0.8109624688795987,0.002291630305959,13.129994234541575,0.0,1.44,124.96784841588266,0.0002375413603381,SPOC-2min(3sectors)
153725446,planet,0.708548,0.7084769082274247,0.0004628891168643,13.15686182569455,0.0,0.96,99.37383808710742,3.837116283955666e-05,TESS-SPOC-FFI(2sectors)
372172128,planet,1.1953968,1.1955167394782609,0.0005933862653677,10.242473087181368,0.084195442610345,0.96,42.72246817879652,2.702251304054215e-06,SPOC-2min(3sectors)
376682699,false_positive,1.1025238,1.102413178882943,0.0008472684979849,28.019655745398367,0.0779444327715692,1.92,372.56075529348016,4.609963516366555e-06,SPOC-2min(2sectors)
69819610,planet,1.0371672,1.035189991625418,7.738184892391864e-05,9.523315744740923,-0.1571424243663069,2.88,68.95010740231287,2.642554349252535e-05,SPOC-2min(3sectors)
190743990,false_positive,1.7380504,1.7378760136722409,0.0003293042435694,10.306175351978885,0.1576343838101249,1.92,47.33529313930466,1.4366461860926272e-05,SPOC-2min(3sectors)
387413037,false_positive,6.72694,6.8788023578595325,0.0017019552922976,2.9564301309199204,0.6084240004188944,0.48,12.15047386064578,0.0005335823384245,SPOC-2min(1sectors)
332880327,planet,0.6676722,0.6685430767826087,0.0005934887273286,8.302938292412218,0.0,1.44,84.31580647544538,0.0001958799814285,SPOC-2min(3sectors)
285666479,false_positive,1.71614,1.7176896916387965,0.0003490710125593,9.149251342611494,0.1028369528574447,1.92,44.946919353562784,7.564485530864307e-05,SPOC-2min(2sectors)
272049972,false_positive,1.0960111,1.0954612616555184,0.0025966799365175,16.97957570167936,0.2308555834896195,2.88,3076.5429376300185,0.0003739950803501,QLP-FFI(2sectors)
195483731,planet,1.102219,1.1043202201672242,0.0008764589279404,3.0158893016875226,0.4145414187874185,6.720000000000001,25.48761944264993,0.0011628155345925,QLP-FFI(2sectors)
237185205,false_positive,15.7335693,15.735147918993308,0.0017367405415861,7.211698586697289,-0.1744006785216243,1.92,296.8173321254876,2.7605462853630414e-05,SPOC-2min(3sectors)
13961554,planet,1.2678043,1.269966775561873,0.0030272212141223,17.33375031523919,0.065940340345755,1.44,125.7333102269526,6.834837315750075e-05,SPOC-2min(2sectors)
399144800,false_positive,27.2149622,27.21769279821405,0.0018417134488462,3.959137021712329,-0.2275243058005833,3.3600000000000003,150.11334151591913,0.000729324152198,SPOC-2min(3sectors)
129979528,planet,1.2198382,1.2199605917926422,0.0013108534812282,23.74017610011555,0.059763601059155,2.88,698.6408726283216,0.000113001718256,QLP-FFI(2sectors)
194203348,planet,1.13345,1.132426483277592,0.0003953113646399,11.6670136741869,0.1880391191231356,1.92,57.05492373971147,3.162795002153995e-05,TESS-SPOC-FFI(1sectors)
382259755,planet,1.2207037,1.220581221367893,0.0180385317901201,100.77418495612618,0.0399970044865253,1.92,4118.645546419658,0.0002488969981853,TESS-SPOC-FFI(2sectors)
374400599,false_positive,1.8932775,1.8930875390468227,0.0014711569262989,16.706920173786358,-0.0120729304598613,3.84,462.2120713448771,0.0003132797656555,TESS-SPOC-FFI(2sectors)
275111900,false_positive,8.0428575,8.242180490217393,2.7836199953945595e-05,0.6304003378486908,-0.0405647491689886,6.720000000000001,221.1891659090027,9.672105854563462e-06,TESS-SPOC-FFI(2sectors)
310231275,planet,0.8294084,0.8288258723612041,0.0001070817148212,8.21911782066321,0.0,0.96,40.18068370334225,1.80824377477018e-05,SPOC-2min(3sectors)
129711632,planet,1.1602698,1.1589892346688964,0.0058742614573916,8.010959642262263,-0.139686590887809,0.96,0.0144657549908391,0.002463535804532,QLP-FFI(2sectors)
416624606,false_positive,2.5152549,2.516012000137124,0.0014412261088428,16.06686338531599,0.0004982151614167,1.44,207.9811359815518,6.39603309028347e-05,SPOC-2min(1sectors)
405794804,false_positive,1.44127,1.4411253909698998,0.0006232387326557,20.04427628355724,-0.025346027776886,2.88,262.7178776331638,7.16226266546105e-05,TESS-SPOC-FFI(2sectors)
201154493,false_positive,1.51233,1.5124817387959866,0.0003661754569207,9.057859779183266,-0.0795163359483587,1.92,71.21246674637192,4.962646087591782e-05,TESS-SPOC-FFI(1sectors)
248058363,planet,1.1239202,1.1242585037391304,0.0004730120171091,13.788561748628956,0.0390664070070958,0.96,112.90275837274214,5.1687771211339495e-05,SPOC-2min(3sectors)
267489265,false_positive,1.5502952,1.549206363906355,0.0003690763279547,19.15181249032505,0.063464988252646,3.3600000000000003,346.0745580424426,3.6016829722762544e-05,TESS-SPOC-FFI(2sectors)
439942982,planet,1.0222806,1.0240242893177258,0.0001660401695138,5.083616278426641,-0.6066854480496777,2.88,59.56782087570026,0.0001634490141928,SPOC-2min(1sectors)
376421071,planet,0.8166936,0.8169394275050168,0.0019463584782739,12.711061443865642,0.0,0.96,86.97677365141351,0.0006816914405176,SPOC-2min(2sectors)
17457400,planet,1.27615,1.2760219581939798,0.0150724814993739,32.04951716767157,0.0533755458323989,0.96,463.3296512958566,0.0029520475757517,SPOC-2min(1sectors)
387527174,planet,1.1253333,1.1249945709130436,0.0095274862080164,26.8330511777926,0.0407975615610232,2.4000000000000004,635.4770526367389,0.0016423063139455,QLP-FFI(2sectors)
55650590,planet,0.7363132,0.7363870775785953,0.0005701814894611,6.6915830176538105,0.0,0.48,47.12565142855672,0.00037383013738,SPOC-2min(3sectors)
267561446,false_positive,1.283251,1.2828647371571906,0.0007817846499521,8.765918597141201,0.0903119070260347,1.92,49.19908350381179,1.7286210317046802e-05,SPOC-2min(3sectors)
463070290,planet,0.6771668,0.6765553115852843,0.0001229405602554,7.996330317334521,0.0,1.92,299.62953019088627,3.812323046603616e-05,SPOC-2min(3sectors)
87090944,planet,0.6435807,0.6433869800568562,0.0003675811539092,11.471476049046403,0.0,0.48,65.77431637788148,0.0002461771671802,TESS-SPOC-FFI(2sectors)
287190564,false_positive,1.49861,1.4987603622073578,0.0008927650856127,31.068464782867604,-0.010416286598763,3.84,498.3785071269403,5.173585587070484e-05,TESS-SPOC-FFI(2sectors)
200322593,planet,1.2391534,1.2487267924882943,0.0005599805505809,6.340502916986511,0.390625506170865,5.76,100.8455759067192,0.0002122077650983,TESS-SPOC-FFI(2sectors)
363029616,planet,1.3502386,1.3519997807826087,0.0010879475663849,17.729332124728643,0.0085729657654336,2.4000000000000004,178.243996146423,3.216672922135011e-06,TESS-SPOC-FFI(2sectors)
410303247,planet,1.0992893,1.0976348512207357,0.0038942329125513,8.025721308575418,0.3001573344990091,1.44,93.57091323399683,0.0007249797410366,QLP-FFI(2sectors)
219742885,planet,0.9167992,0.9003336090167224,3.73114027940602e-05,3.6836088322083262,0.0,0.96,13.146202625021768,6.189161749248218e-05,SPOC-2min(3sectors)
434116397,planet,0.5902387,0.5901794787257525,0.0001499598512809,8.432205736583299,0.0,0.96,80.19893541442165,4.3962735615132864e-05,SPOC-2min(2sectors)
366074069,false_positive,4.1812866,4.180867072916388,0.0019991010387568,27.43648053758637,0.031709818600831,4.32,1636.0967803840283,2.30730943651114e-05,SPOC-2min(2sectors)
414870287,false_positive,4.95898,4.864941817391305,0.000103327919004,2.479899955627058,0.3075633176714501,3.84,23.683543913293217,5.990312544223997e-06,TESS-SPOC-FFI(1sectors)
375850439,planet,1.1633325,1.1634492223244148,0.0003021116918967,11.635327121937076,-0.0520820216817128,1.44,60.41807926124173,2.7990978659908627e-05,SPOC-2min(3sectors)
16920150,false_positive,9.155934,8.89411715819398,0.0005965226114588,2.941073522985924,0.0199761340624265,2.88,31.011181418206128,0.0012170529413969,TESS-SPOC-FFI(2sectors)
372207084,planet,1.2257683,1.2256453132140468,0.0021029713743089,13.32438595584579,0.0267351054739706,1.92,77.15585194419765,0.0002930350226192,SPOC-2min(3sectors)
138361973,false_positive,1.8824539,1.877354275722408,0.0006730657636665,22.19821947030556,0.0364895437759111,2.88,381.78167474221,0.0001032888209377,TESS-SPOC-FFI(2sectors)
24615998,planet,1.2732245,1.272841255167224,0.0148638651669665,33.15410924076174,0.0091384723376655,1.44,974.8065345681504,0.0018701149398214,QLP-FFI(2sectors)
294179389,false_positive,2.6796,2.679331143812709,0.0040472102866873,67.58038613052402,0.0615378586928774,2.4000000000000004,4761.708139168929,0.0004106090156315,SPOC-2min(3sectors)
15247229,false_positive,8.5112,8.513761899665552,0.0032640235300277,9.889428435866876,0.0133410995478745,2.4000000000000004,420.63374532294006,9.197164403829115e-05,SPOC-2min(1sectors)
167714792,planet,0.9298045,0.9297112085785952,0.0005501500330667,8.90335693958293,-0.0151604456268508,1.44,121.0886570679968,3.320159419450963e-05,QLP-FFI(2sectors)
332064670,planet,0.7365463,0.735733389367893,5.355229636472281e-05,34.812357052235136,0.0,1.92,6804.942864841156,4.616978586668985e-06,SPOC-2min(3sectors)
430528566,false_positive,0.5590256,0.5591938685752509,0.0002677244158877,6.3280173293100805,0.0,0.96,222.50824257731256,0.0002270025812154,QLP-FFI(2sectors)
231949697,planet,0.9072056,0.906568432187291,0.0002710488943591,4.203741207594633,0.0,0.96,25.392231353382883,7.543233394291526e-05,SPOC-2min(1sectors)
322202434,false_positive,1.4013505,1.400928688812709,0.0002998464777499,8.119390890675762,-0.153521137279188,0.96,31.807282470255213,4.232176525054143e-05,SPOC-2min(3sectors)
470709084,false_positive,3.66505,3.663946807692308,0.0009564667825858,7.933470048711407,-0.0095337566829441,1.92,90.84113741894583,8.610113707474554e-05,TESS-SPOC-FFI(2sectors)
266023807,planet,0.7394818,0.7389624315117056,2.387185946084447e-05,2.635247255384042,0.0,1.92,17.51013261429327,2.4502934363401785e-05,SPOC-2min(3sectors)
180695581,planet,0.54937,0.5489841548494984,1.59717501102552e-06,0.277485951608224,0.0,1.92,106.4262588916535,1.4447272911333188e-05,SPOC-2min(3sectors)
14956304,planet,0.9965843,0.9970842586789296,0.0095075330578509,13.563950110570383,0.0887965819327622,1.92,97.82098991976498,0.001454982195904,SPOC-2min(2sectors)
387295547,planet,0.664786,0.665252906555184,0.0004135633572452,10.89945627117021,0.0,0.96,109.7130480807908,0.0001755748804597,SPOC-2min(3sectors)
421308357,false_positive,16.6828999,16.684573769555183,0.0028298239179025,8.719957209332167,-0.0689582327661068,1.92,471.3372839720439,5.826933890606956e-05,SPOC-2min(3sectors)
232967666,false_positive,15.196,15.20057404682274,0.0021675257878739,7.129959814925309,0.0057637431137376,1.44,95.91597900388696,0.000189132108309,SPOC-2min(3sectors)
262829328,planet,1.0649771,1.0635879994347823,0.0139807272289247,41.15489791040488,0.0631582143006713,0.96,764.5852553026469,0.0008032244508449,TESS-SPOC-FFI(1sectors)
293743169,planet,1.1256838,1.1267003037658865,0.0022635743812111,53.56008679650168,0.0229127592906785,1.44,1537.193433261672,9.56880289075812e-05,SPOC-2min(1sectors)
355058141,planet,0.7105047,0.7111462928729096,0.0002811200213551,11.626803642644152,0.0,0.96,89.01702650930841,7.868429133583987e-05,TESS-SPOC-FFI(2sectors)
163262555,planet,1.3683875,1.368250203595318,0.0096874542573192,43.62487186056797,0.1046722771606842,1.44,720.0260660351682,8.610520260676768e-05,TESS-SPOC-FFI(2sectors)
458686847,planet,1.2916034,1.2914738076856187,0.0010587859565015,5.500269463526651,-0.1693982134475995,0.96,18.10396750281463,0.0001415783249203,TESS-SPOC-FFI(2sectors)
305243225,planet,1.2129139,1.2130355970468227,0.0057018440326265,24.42304914487692,-0.0064212976012566,1.92,450.6419536069735,8.664399192392924e-05,TESS-SPOC-FFI(2sectors)
155005217,false_positive,7.6047417,7.605504717561873,0.0008874775838482,8.075827116839388,0.0801896729135294,3.84,196.20042953302143,0.0009125289389757,SPOC-2min(3sectors)
387527558,false_positive,3.623909,3.696993184849498,0.0012805685614136,2.6244969594634875,0.6132687492072597,1.92,45.55027666540021,0.0012922993896442,SPOC-2min(3sectors)
434270112,planet,1.2433877,1.2437619638561872,0.0031285036892102,7.502801900233449,0.0621475333562344,0.96,42.99842454213845,0.0023546672463851,QLP-FFI(2sectors)
7274938,planet,1.0994412,1.099330888173913,0.0017444885684353,6.571290872522792,-0.2998574854606942,1.44,35.944699296291525,0.0003042907491846,TESS-SPOC-FFI(1sectors)
327302178,planet,1.0065503,1.0064493083311037,0.001502810524254,12.397634826031192,0.0614387815782317,0.96,82.3490461544804,0.0002000250103676,SPOC-2min(1sectors)
233684822,false_positive,4.6756655,4.676134630317725,0.0008533215952687,5.9462770004062495,0.1817776114151043,1.92,41.55711915852201,2.6448763565944944e-06,QLP-FFI(2sectors)
66783360,false_positive,1.3812787,1.3811401101638796,0.0011806195565202,32.36686613847912,-0.0234778682267082,2.88,658.0953655023849,8.320077210899335e-05,TESS-SPOC-FFI(2sectors)
335661164,planet,0.8406912,0.8406068497123745,0.0017329599592944,13.061045802949373,0.0,1.44,97.85200568582178,7.450691322463676e-05,QLP-FFI(2sectors)
83210867,false_positive,1.1967018,1.2006641236856188,0.0002855745328886,11.471925080338169,0.0512416164613352,2.4000000000000004,90.00382797179749,4.380792747560314e-06,TESS-SPOC-FFI(2sectors)
100014359,planet,0.5045539,0.5045032758628762,0.0037062397478847,37.43054044424972,0.0,1.44,3459.459988839059,0.0010936138643284,TESS-SPOC-FFI(2sectors)
316254876,false_positive,2.4611008,2.457890668521739,0.0011824819845946,22.445447305874787,-0.0929001514026591,2.88,217.3116177383497,3.858591901872988e-05,TESS-SPOC-FFI(2sectors)
247180220,planet,0.7702101,0.7704419358160536,0.0599285848682424,57.35358368593855,0.0,0.96,1599.24576643431,0.0087561105355414,SPOC-2min(3sectors)
67418624,planet,1.1020719,1.103288233535117,0.0002819343893971,16.432131713274725,0.0,0.96,146.3177284587526,6.264671116473775e-05,QLP-FFI(2sectors)
310380289,planet,0.6489868,0.6494426101270903,0.0001290450267913,3.669993242507656,0.0,1.44,25.86719159444924,5.405886013276628e-07,SPOC-2min(3sectors)
410528770,false_positive,2.7536237,2.753899983314381,0.0014434340669491,22.36687157151273,-0.0103647429885178,3.3600000000000003,335.5034282848992,4.343347458390934e-05,TESS-SPOC-FFI(2sectors)
256886630,false_positive,2.03905,2.0400729347826085,0.0002305498713672,14.1790275409066,-0.0364547762560536,3.3600000000000003,244.44957357000027,5.733658784257134e-05,TESS-SPOC-FFI(2sectors)
136971594,false_positive,1.25562,1.255997945819398,0.0001594258933792,7.668847407151996,-0.2045187711706735,1.92,26.36472395851788,1.975241501195324e-05,SPOC-2min(1sectors)
160268701,false_positive,11.2071839,11.20381050016388,0.0002298867824807,2.496358068181764,-0.1768279567402532,4.800000000000001,50.89523780526501,0.0001826865937862,TESS-SPOC-FFI(2sectors)
211352962,planet,0.7941828,0.7939437483210702,0.0011193089494043,18.30367096088141,0.0,0.96,224.0103694712041,0.0004940110892112,SPOC-2min(1sectors)
199296714,planet,1.3777496,1.3809290221538462,0.0011224349821267,3.1939973449948447,0.0,1.92,16.0570518018072,0.0003240947725723,QLP-FFI(2sectors)
152005053,planet,1.3847905,1.3821505983779263,0.0031911225028846,15.901294571442502,-0.0282646035725488,1.92,104.30539184905304,0.0002482645018261,SPOC-2min(2sectors)
426956677,planet,1.1976555,1.197054669481605,0.000144570153704,5.3639362806934505,-0.0878575493852217,1.44,17.696596355190454,3.015887915092108e-05,SPOC-2min(1sectors)
134200185,planet,0.5481573,0.5482122990602006,6.305598960421044e-05,7.318055050510749,0.0,0.96,100.693254933998,5.700001004527167e-06,SPOC-2min(3sectors)
159671133,planet,1.3409758,1.3456849123411372,9.298037817440095e-05,5.759148486128368,-0.2140961146759721,3.3600000000000003,15.893136439232544,7.4549446552607534e-06,TESS-SPOC-FFI(2sectors)
119448220,planet,1.252025,1.2310462533444817,0.0378547120929334,107.6293758190876,-0.1498102660346385,6.720000000000001,28983.99249725165,0.0010844627540801,QLP-FFI(2sectors)
127530399,planet,1.0115336,1.0124470249899664,0.0001345517836974,6.075082776341606,-0.1721000014276739,6.720000000000001,34.00722040662092,9.290217283830504e-05,TESS-SPOC-FFI(2sectors)
348673213,false_positive,0.901465,0.9013745520066888,0.0009826743468073,7.31480996118207,-0.3702230042780257,2.4000000000000004,73.56003858759506,0.0001745575256336,SPOC-2min(1sectors)
418959198,false_positive,4.8962484,4.900669761431439,0.0003639491546242,4.109497237171152,0.1691457125274398,1.92,20.924703116612427,3.657274508095387e-05,SPOC-2min(3sectors)
377144784,false_positive,2.3866952,2.3864557322541806,0.0004555496811641,15.534814406436771,0.1797673919847283,2.88,141.7266054155933,2.844515981426099e-05,SPOC-2min(3sectors)
316402246,false_positive,1.4014167,1.3979014407190635,0.0016072886411857,17.2390469746422,0.0323805856359921,2.4000000000000004,234.27460677941167,0.0005639779997107,QLP-FFI(2sectors)
307888842,planet,1.2008331,1.2009535849264217,0.0126580436980058,18.08326449183152,0.1687334261603315,1.44,135.69684444525006,0.0010717536445122,TESS-SPOC-FFI(1sectors)
301455423,planet,1.0664194,1.0665263986020066,0.0097239224253692,26.667115499815807,0.1593354596438891,1.92,401.64396091779054,0.0001723740973964,TESS-SPOC-FFI(1sectors)
64553698,false_positive,8.6795072,8.898091444869564,0.0002513938807126,0.9383673956664258,-0.6160018440482163,6.720000000000001,136.6826307180596,0.000548529902772,TESS-SPOC-FFI(2sectors)
326114850,false_positive,1.2456423,1.2455173191672242,0.0003649188544159,11.046042916634455,0.0917975917964555,1.44,60.24156764415079,4.495203999577146e-05,TESS-SPOC-FFI(2sectors)
103183399,planet,0.7327757,0.7327021773545149,0.0043206589526398,21.38982175566496,0.0,1.44,256.30358146795106,0.0010551256324399,TESS-SPOC-FFI(1sectors)
332154944,false_positive,0.99837,0.99907119632107,0.0007900627214402,31.959566779503067,0.0,1.44,610.8042180044316,2.243611956542768e-05,TESS-SPOC-FFI(2sectors)
199444169,planet,1.2168732,1.2155301626889632,0.0005905972578212,19.82726730764674,0.0067116757457886,0.96,218.09034075389224,1.2582519302917206e-05,SPOC-2min(3sectors)
224293782,planet,0.5736183,0.5733305316220736,0.0006021541684361,7.523038090091028,0.0,0.48,31.93234357745713,0.0001111309868694,SPOC-2min(1sectors)
143143769,planet,1.3372349,1.3373690707257524,0.0011228463816107,10.58748681668162,0.1063975896078467,1.92,61.63674121211492,0.0001081809354958,TESS-SPOC-FFI(2sectors)
190442486,false_positive,5.4561177,5.454475390324415,0.0017554513900728,10.145784123745964,-0.0802109084580877,4.32,300.4907897796482,0.0005504774497185,TESS-SPOC-FFI(2sectors)
282102605,planet,1.2541679,1.254293736244147,0.0084355895587464,23.783358716380857,0.004421710958721,1.92,271.19349983772867,0.001037435254188,SPOC-2min(1sectors)
394721720,planet,1.0690665,1.0691737641973242,0.000647928720233,14.666300715223286,0.0222664766302163,1.44,114.09285421525482,1.0636711666345278e-05,SPOC-2min(3sectors)
169177766,false_positive,1.692892,1.6934015661538462,0.0010458498960321,38.43184768251288,0.0495526207019858,4.32,623.8962708937084,9.174858459692904e-05,TESS-SPOC-FFI(2sectors)
186000935,false_positive,8.8735214,8.877972999364548,0.0012351410988549,5.585955563348636,-0.2066424197698633,3.3600000000000003,177.5779060252055,0.0001564185009846,TESS-SPOC-FFI(2sectors)
427654774,false_positive,5.222621,5.22419302638796,0.0117037301177753,10.028933015157568,-0.1424250442029881,2.88,97.96055655212764,0.0014491575188383,SPOC-2min(3sectors)
364072092,planet,1.3828196,1.38018345561204,0.0067649218067388,19.42846606071348,-0.1407283937100991,1.92,203.7649951050252,0.0004424657994905,QLP-FFI(2sectors)
30016082,planet,1.3225635,1.3226961986789298,0.0057322468523475,27.20956882751185,0.0023725167166948,3.3600000000000003,486.7481072913589,8.116576156180777e-05,QLP-FFI(2sectors)
131195882,planet,0.9097915,0.910065350284281,0.0022351726499497,13.184241879712584,0.0,0.96,101.54688342464084,0.0001317151987663,SPOC-2min(1sectors)
238751619,planet,0.8236066,0.8256725028428094,0.0009384729500825,11.65806369934472,0.0,0.96,109.44767976614447,0.0001517022460401,SPOC-2min(1sectors)
117256577,false_positive,1.6865822,1.6867514222943143,0.0028533987015588,48.60234448380901,0.0159805141740563,2.4000000000000004,1536.9557997643917,1.966371693074009e-05,TESS-SPOC-FFI(2sectors)
10837041,planet,0.7827075,0.7829430975752507,0.0001992192726096,9.55277069707408,0.0,0.96,61.0857752162426,8.846362215730874e-05,SPOC-2min(2sectors)
190430205,false_positive,1.06884,1.0693762073578597,0.0004269105223635,22.347553971892427,0.2486681886449667,3.84,315.38124792314005,1.820109096573041e-05,TESS-SPOC-FFI(2sectors)
413376180,planet,1.3541342,1.3567156598461538,0.0101383722706067,104.2273173919129,0.0358520236144268,1.92,3424.9757812073344,0.0005852903291456,SPOC-2min(3sectors)
28945511,planet,1.1239749,1.124087673401338,0.0019063985353965,7.394993211777122,0.0923458392666818,0.96,30.296760745058364,0.0004109133354862,TESS-SPOC-FFI(1sectors)
329864959,false_positive,4.52318,4.457374538461538,0.0008855618607894,2.9953131797899326,-1.3482519612299293,2.4000000000000004,5573.278885215357,0.0001958426884611,TESS-SPOC-FFI(2sectors)
1528696,planet,0.8820624,0.8821509012441472,0.0009163359259214,8.507112292745457,-0.170699179077186,2.88,190.13751372710377,0.0006653363012092,TESS-SPOC-FFI(2sectors)
153951307,planet,0.7645807,0.7646574137826087,0.0002073301346179,6.938067182536053,0.0,0.96,35.292675505579446,8.664344367026455e-05,SPOC-2min(3sectors)
73540072,planet,1.2436239,1.22453281738796,0.0009265487618771,0.8021630913680727,0.0347609647833668,0.48,1367.560590128023,0.0004791755252872,QLP-FFI(2sectors)
387664868,false_positive,2.65688,2.655013963879598,0.0007345027130419,22.61336823530988,-0.0259349697354437,1.92,415.8236573256537,0.0002085667281512,SPOC-2min(2sectors)
377780790,planet,0.8374997,0.8384240307725753,4.409093223334271e-05,2.543311637086892,0.0,1.44,16.642580795489454,7.737870993917983e-05,SPOC-2min(3sectors)
